"aab",5
"aabe",2
"AAC",4
"AACE",2
"aack",2
"aad",2
"aadi",3
"aafa",2
"aags",4
"aail",5
"aak",3
"aaki",5
"aako",2
"aala",5
"aali",5
"aalo",2
"aalt",3
"aalu",3
"aamb",4
"aame",5
"aami",2
"aana",2
"aane",4
"aang",3
"aani",2
"aant",2
"aany",3
"AANZ",3
"aap",2
"AARD",4
"aarh",4
"aarn",5
"aarr",3
"aarw",2
"aas",5
"aAs",5
"aasa",5
"aasd",3
"aase",4
"aasi",2
"AASR",4
"aate",3
"aatu",5
"aave",3
"ABA",5
"abAn",2
"abao",3
"abaw",3
"abay",5
"abbn",5
"abbo",4
"abc",2
"ABC",3
"abdo",5
"ABE",5
"abee",3
"abei",2
"abez",5
"abfe",2
"abha",5
"abic",2
"abih",2
"abiy",3
"Ablo",4
"aboa",4
"aboe",2
"aboi",2
"ABOO",2
"abow",3
"abry",3
"absb",5
"ABSE",4
"abvl",3
"abyc",2
"acaa",5
"acab",2
"acam",5
"acap",5
"ACAR",2
"acBe",3
"acCa",4
"ACCC",4
"ACCI",2
"accl",4
"ACCP",5
"accu",5
"acDi",2
"acek",2
"acep",5
"ACER",5
"ACES",2
"acew",2
"ACGP",5
"achc",2
"achf",2
"achh",3
"achn",5
"ACI",5
"ACIE",2
"acim",5
"aciq",5
"ACJC",2
"acKe",5
"ACLA",5
"aclo",5
"aclu",3
"acMa",5
"acMi",3
"acna",3
"ACOB",4
"ACON",2
"acos",2
"ACP",3
"acph",5
"acpl",2
"ACQ",5
"acr",2
"ACRE",2
"ACRI",2
"aCS",2
"ACSC",2
"actf",5
"ACTS",3
"acua",2
"ACUB",5
"ACUL",3
"ACUM",5
"acwo",3
"ADA",5
"adab",4
"adae",3
"adaj",2
"adal",5
"adap",2
"ADAR",2
"adau",2
"adav",5
"adaw",2
"adbi",2
"ADC",2
"adca",5
"ADCC",2
"adch",5
"add",2
"addh",5
"addu",5
"ADE",5
"adea",2
"adee",2
"adeu",5
"adex",3
"adga",2
"ADHC",3
"adib",3
"adid",2
"ADIE",5
"adii",3
"adiy",5
"adiz",5
"adje",2
"adli",2
"adly",3
"admo",5
"admu",4
"adna",5
"adni",3
"adno",3
"adoc",3
"adog",5
"adou",2
"adru",3
"ADSE",3
"adsh",2
"adsp",2
"adst",5
"adsw",3
"adth",5
"adug",5
"adul",5
"adum",5
"adwe",4
"adwi",2
"adys",5
"adza",4
"adzi",5
"aea",2
"AEAS",5
"aecu",3
"AED",2
"AEDE",4
"aedu",4
"aege",5
"aegi",5
"aegl",4
"aegw",5
"aehu",3
"aeja",4
"aeji",5
"aeka",4
"aekh",5
"ael",5
"aell",2
"aem",5
"aemi",5
"aemy",2
"aenb",2
"aend",5
"AENE",2
"aeni",5
"aeon",5
"AEPR",2
"aese",5
"aesh",2
"aesi",5
"aete",2
"aeti",2
"aetp",3
"aett",4
"aeu",5
"aeun",5
"aeva",5
"aeve",4
"aewi",2
"AEYC",3
"aezh",5
"af",2
"AFA",2
"afai",3
"afak",2
"afal",2
"afan",3
"afeC",2
"AFEC",4
"afeG",3
"afei",3
"afen",5
"afes",5
"afeS",2
"afew",3
"afeW",4
"affn",5
"afhu",2
"afi",2
"afic",5
"afin",3
"afio",2
"afis",2
"afne",3
"afo",5
"afok",5
"afor",2
"afos",3
"afra",4
"AFSA",5
"afti",5
"afyd",4
"AGA",5
"agac",2
"agae",5
"agah",5
"agap",3
"agau",5
"agba",3
"agd",4
"agde",5
"agee",2
"agei",5
"agem",4
"AGES",2
"agg",2
"aggl",5
"aggy",5
"agh",4
"agha",2
"agho",2
"aghu",5
"agik",5
"agim",2
"agir",5
"agiy",2
"agme",3
"agny",3
"agob",4
"agou",3
"agov",5
"agro",5
"agru",2
"agsi",4
"agsp",2
"agta",5
"agtr",4
"aGua",5
"agub",2
"aguc",2
"agul",3
"agve",2
"agwa",3
"agwi",2
"agye",2
"agyu",5
"AH",4
"ahac",2
"ahaf",3
"ahau",3
"ahco",2
"ahda",5
"ahdi",2
"ahe",5
"AHE",3
"ahet",2
"ahey",5
"ahfu",2
"ahgi",5
"ahgu",5
"ahha",5
"ahia",5
"ahib",5
"ahid",5
"ahik",5
"ahim",2
"ahja",2
"ahju",2
"ahko",3
"ahlk",5
"ahlr",4
"ahls",2
"ahlu",5
"ahme",4
"ahmu",4
"ahne",5
"ahoi",3
"AHPE",3
"ahr",2
"AHR",2
"ahrn",3
"ahrt",3
"AHS",4
"ahta",5
"ahte",3
"ahti",2
"ahua",4
"ahud",5
"ahum",5
"ahur",4
"ahut",3
"ahva",2
"ahwi",3
"ahya",2
"ahyo",2
"ahyu",5
"ahzo",3
"aiap",3
"aias",3
"aib",3
"AIB",2
"aibi",5
"aica",2
"aice",4
"aici",5
"aicl",2
"AID",2
"aidl",2
"AIDO",5
"aidu",4
"aiei",4
"aiek",4
"aiem",3
"aier",3
"aies",4
"aihi",5
"aihy",4
"aija",5
"aikh",5
"aikk",3
"ailc",3
"ailf",5
"ailg",2
"ailh",3
"ailp",3
"AILS",2
"aimd",2
"ainh",2
"aink",5
"ainm",2
"ainu",5
"ainz",5
"aiol",5
"aior",5
"aiot",5
"AIP",2
"AIPA",2
"aiph",5
"aipo",5
"aipu",4
"aiqi",5
"aiqu",2
"AIR",4
"airc",3
"airg",5
"airh",4
"airv",4
"aisk",2
"aism",3
"aisn",4
"AIT",5
"aity",3
"aiwo",4
"aiwu",3
"aix",3
"aixa",5
"aiz",2
"aiza",2
"aizi",4
"ajad",5
"ajat",4
"ajaw",2
"ajaz",4
"ajda",3
"ajdi",3
"ajem",5
"ajer",5
"ajii",3
"ajir",3
"ajiw",2
"ajiz",2
"ajja",2
"ajka",4
"ajli",5
"ajmu",5
"ajno",3
"ajoo",5
"ajra",4
"ajuk",5
"ajul",3
"ajun",3
"ajus",2
"ajut",3
"Ak",5
"AK",2
"akaa",3
"akau",2
"akav",5
"akba",5
"akbo",2
"akbu",3
"akda",2
"akde",3
"akeg",2
"akev",4
"akez",2
"akhi",3
"akhl",2
"akhm",3
"akhr",2
"akhu",5
"akia",5
"akib",4
"akii",2
"akiz",4
"akli",5
"akma",4
"akme",5
"akoc",5
"akol",2
"akom",5
"akop",2
"akor",5
"akos",2
"akou",5
"Akov",5
"Akub",2
"akuf",5
"akuo",2
"akup",5
"akuu",3
"akvi",4
"akwi",5
"akyn",4
"akyu",4
"ALAL",2
"alao",5
"alaq",5
"alcr",3
"aldc",2
"aldh",4
"aldr",4
"alds",5
"aldu",3
"aldy",2
"alef",4
"aleh",3
"alel",4
"alep",2
"alfb",2
"ALFE",3
"alfh",2
"alfu",4
"alg",2
"ALGA",2
"algy",2
"alii",2
"alio",5
"ALIS",2
"aliw",5
"aliy",2
"alju",2
"alkh",3
"alkw",3
"alky",3
"allb",5
"allc",4
"alld",2
"allh",4
"allt",3
"ALM",2
"almw",5
"alne",3
"alng",2
"alno",3
"aloa",2
"alod",5
"alof",2
"aloi",3
"aloz",2
"alp",2
"alpu",4
"alro",3
"ALSA",2
"alsc",5
"also",5
"alsw",2
"altj",3
"altl",5
"altm",4
"altp",5
"alty",5
"alub",2
"alul",4
"alup",3
"aluu",5
"aluz",4
"alvu",5
"alwe",5
"alwo",5
"alwy",5
"alyi",5
"alys",5
"alyu",4
"amaa",5
"amae",5
"amaf",2
"amao",5
"AMAS",2
"amau",5
"amaw",4
"AMC",2
"amdi",2
"amea",5
"ameb",3
"amec",5
"amee",3
"amep",2
"amfu",5
"amgy",5
"amho",2
"AMHS",5
"AMI",2
"amih",3
"AMIL",5
"amim",3
"amiz",3
"amkh",5
"amlo",2
"amm",5
"AMM",2
"amny",5
"amod",5
"amog",3
"amok",4
"amov",2
"amoz",5
"ampc",3
"ampg",3
"ampn",2
"ampy",4
"amri",4
"amsh",3
"amsk",3
"amsp",3
"AMT",3
"amti",5
"amto",2
"amua",5
"amuk",4
"amve",5
"amwi",2
"amy",5
"amza",5
"anae",5
"anaf",5
"anaq",2
"anav",5
"anbr",5
"ANDA",2
"andC",4
"andk",5
"andn",5
"ANE",5
"anea",3
"aneb",5
"anec",5
"anee",3
"anef",5
"aneh",3
"ANET",3
"anev",5
"ANG",3
"anhi",3
"anid",2
"anih",5
"anii",4
"anio",2
"aniu",4
"aniy",3
"anje",5
"Anka",5
"ankb",4
"ankc",3
"ankf",3
"ankk",5
"ankl",4
"ankn",5
"ankw",5
"ankW",2
"anlo",5
"anlu",5
"anoa",5
"anoc",3
"anod",2
"anoh",3
"anp",2
"anpu",5
"anpy",3
"ANS",2
"ANSA",2
"ansb",2
"ansc",3
"ANSI",4
"ansp",3
"anss",4
"ANSW",2
"Anta",5
"ANTE",3
"ANTF",3
"antv",3
"anty",3
"anui",5
"anul",4
"anuv",2
"anuw",2
"anvi",5
"anwe",5
"anx",5
"anye",5
"anym",4
"anzl",3
"anzs",2
"anzt",2
"anzu",4
"aoba",5
"aoco",3
"aoga",3
"aogo",3
"aogr",5
"aoha",5
"aohu",3
"aoi",5
"aoin",2
"aoiz",5
"aokh",5
"aoki",2
"aoko",3
"aolu",5
"aon",2
"aona",3
"aong",2
"aoqi",5
"aoru",3
"aosi",3
"aosu",5
"aota",5
"aoti",5
"AOU",4
"aouk",2
"aoya",5
"aoyi",3
"aoyo",5
"apaa",5
"apah",3
"apaj",4
"APAN",2
"apao",2
"apap",5
"apav",3
"apaz",4
"APCA",4
"apch",4
"apda",5
"APE",2
"apee",4
"apei",5
"apet",4
"aphi",5
"API",5
"apik",3
"apim",2
"APIT",2
"apki",3
"apla",5
"APLA",3
"aply",2
"APM",2
"APME",2
"apo",3
"APO",2
"apoc",3
"apom",4
"apos",5
"apoz",5
"app",2
"APP",3
"appl",5
"apre",5
"apro",5
"APSO",2
"apuc",2
"apul",5
"apwa",2
"apwo",5
"aqai",2
"aqia",5
"aqon",2
"aqsh",5
"ARAM",2
"araq",5
"ARBI",5
"arbw",3
"aRC",2
"ARCH",4
"arcr",4
"ARD",5
"ardd",4
"ardj",4
"ardm",4
"areo",2
"arep",5
"ARES",2
"areu",3
"arev",5
"arex",3
"arf",2
"ARF",3
"arfe",2
"arfl",3
"arfr",2
"arg",4
"ARGE",5
"argg",2
"args",5
"arhe",4
"arho",5
"ARI",5
"ARIN",2
"ARIS",2
"ariz",5
"arji",3
"ARK",2
"arkd",5
"arkf",5
"arky",2
"arlg",3
"arlh",2
"arlm",5
"arMa",4
"armb",3
"armB",5
"armc",3
"armn",2
"armt",4
"armu",5
"ARN",2
"arnb",4
"arnc",2
"arnk",5
"arnl",4
"arnm",5
"arog",4
"AROM",2
"arop",2
"aror",5
"arov",2
"arow",2
"aroz",4
"arqa",3
"arrc",3
"arrk",5
"arrm",3
"arrs",5
"arrt",3
"arrw",5
"ARSE",3
"arsf",3
"arsk",5
"arsm",2
"arss",4
"arsw",5
"artI",2
"artj",2
"artt",4
"aruh",4
"aruo",2
"aruz",5
"arvu",3
"arvv",2
"arwu",2
"arye",4
"aryk",3
"arym",5
"aryp",5
"aryu",5
"arzu",3
"ASAA",4
"asac",5
"asaj",4
"asao",5
"ASAS",3
"asau",5
"asav",5
"asba",3
"asbu",4
"ASC",4
"asCO",2
"ASCO",4
"ASCU",5
"ASD",3
"asda",3
"ASDA",3
"ASDI",2
"asdy",3
"asef",5
"asfo",2
"asgl",5
"asgo",4
"ASH",5
"ashb",5
"ashf",5
"ashg",3
"ashl",5
"ashn",3
"ashp",5
"ashw",2
"ASI",5
"asig",3
"asii",2
"ASIN",5
"asip",5
"ASIS",4
"asit",5
"asjo",5
"askf",5
"askr",3
"asku",4
"ASL",3
"ASLI",2
"aslu",2
"asly",3
"asn",3
"asna",4
"Asno",2
"asoa",2
"asoc",5
"asoe",5
"asoh",5
"asom",5
"asor",5
"asov",4
"aspl",3
"aspo",3
"asps",5
"asr",3
"ASR",2
"asre",4
"ASSA",5
"assb",5
"ASSP",5
"asst",4
"assv",3
"astc",5
"ASTE",4
"astk",5
"astm",2
"astT",5
"astv",3
"ASU",2
"asug",5
"asuh",2
"ASUL",2
"asun",5
"asup",2
"asym",2
"asyu",3
"asz",4
"asza",4
"aszl",3
"aszy",2
"ataf",5
"ATAL",3
"ATAW",3
"atbe",3
"atca",5
"ateb",4
"ATEF",2
"ateh",4
"ateo",5
"ATES",5
"atet",3
"atex",5
"atfa",3
"atfo",3
"atga",5
"athb",3
"athc",4
"athg",2
"athS",2
"atht",5
"athW",4
"atiq",3
"ATIS",5
"atju",2
"atko",5
"atli",5
"ATMA",3
"atmo",3
"atoc",4
"atoe",2
"atok",4
"atot",4
"atou",5
"atow",2
"atoy",5
"atpo",4
"atru",5
"atsc",2
"ATSE",5
"atsh",3
"atsk",5
"atsm",5
"atsp",3
"attj",3
"attw",2
"atug",3
"atus",5
"atux",2
"atvj",5
"atvl",4
"atvr",3
"atwi",4
"atyn",2
"atyu",3
"atz",5
"atza",2
"AU",5
"aua",5
"auag",2
"auan",5
"aubm",3
"aubo",3
"auci",4
"aucu",5
"aucy",5
"aucz",5
"auds",2
"aue",5
"auen",4
"aufa",4
"aufe",4
"auff",3
"aufi",3
"aufl",4
"AUI",2
"auic",5
"auja",5
"auks",5
"aulw",2
"aumf",3
"aump",5
"aumu",3
"auno",5
"auns",5
"aunu",2
"auon",3
"AUP",3
"auph",4
"aupi",2
"aupo",4
"aupp",4
"aupu",4
"aur",5
"auro",5
"aurr",3
"aury",5
"ausu",5
"autc",5
"auth",5
"AUTH",5
"auts",4
"autu",4
"auvi",3
"auvo",4
"auwa",4
"auwi",5
"auwk",2
"av",5
"AVA",2
"avac",5
"avak",3
"avam",2
"avao",4
"avaS",2
"AVE",3
"AVES",5
"avez",2
"avic",3
"Avle",2
"avli",2
"avma",2
"avne",3
"avod",5
"avoe",3
"avra",5
"avro",3
"avsa",2
"avst",3
"AVTE",3
"avtr",5
"avua",5
"avur",2
"avut",3
"avv",4
"avva",3
"avve",5
"avvn",2
"avya",2
"avyh",2
"AWA",5
"awag",3
"awaj",3
"awau",3
"awaz",3
"awba",3
"awBr",2
"AWCR",3
"awel",3
"awia",2
"awih",2
"awir",3
"awkn",2
"awky",3
"awlo",3
"AWN",2
"awna",2
"awon",2
"awoo",3
"awoy",5
"awpa",2
"awpi",2
"AWS",4
"awse",2
"awte",3
"awto",2
"AWTR",3
"awtu",2
"awun",2
"axac",2
"axda",2
"axed",2
"axfl",2
"axia",5
"axie",4
"axiy",3
"axst",2
"AY",5
"ayab",4
"ayad",5
"ayah",5
"ayal",3
"ayao",3
"ayay",2
"aybo",5
"ayca",5
"ayce",3
"ayco",5
"aydi",3
"aydo",2
"ayel",2
"ayem",5
"ayen",5
"ayeu",2
"ayfo",2
"AYG",4
"ayga",5
"ayit",2
"ayje",2
"ayka",4
"ayld",2
"ayly",3
"aymu",3
"ayng",2
"aynh",2
"aynt",4
"ayol",2
"ayot",5
"ayph",4
"ayru",4
"ayse",5
"aysh",4
"aysp",4
"ayta",4
"aytr",3
"ayub",2
"ayus",3
"ayvi",5
"ayze",4
"azac",4
"azae",2
"azal",3
"azaq",5
"azat",2
"azbe",3
"azbo",5
"azeb",5
"azed",4
"azes",3
"azhd",5
"azhe",3
"azhi",5
"azhn",5
"azhu",3
"azia",4
"azie",2
"azig",2
"azil",5
"azir",5
"azit",4
"azki",2
"azky",2
"azle",2
"azlo",5
"azma",3
"azmi",5
"azmu",2
"azni",3
"azno",2
"azny",4
"azoe",2
"azoj",2
"azos",2
"azre",4
"azsu",3
"azuk",5
"azum",5
"azun",5
"azva",3
"azve",5
"azvo",5
"azyk",5
"azze",3
"azzm",4
"azzo",3
"azzy",2
"bacu",5
"bad",5
"badd",4
"bai",3
"bail",4
"bak",2
"bala",2
"bana",3
"bani",3
"BAs",2
"Base",5
"bash",5
"bau",5
"BB",5
"BBA",5
"bbas",4
"bbay",4
"bbie",2
"BCA",3
"BCD",5
"BCE",3
"BCUs",4
"bd",5
"bdek",3
"bdia",2
"bdic",5
"bdol",4
"bdru",5
"bdur",2
"bekt",5
"bels",2
"beno",4
"BER",5
"bere",5
"berh",2
"berm",5
"berp",2
"BERS",2
"berv",3
"berw",5
"besh",2
"besp",2
"bess",5
"BEU",5
"beyi",3
"bezh",2
"BG",4
"BGC",5
"BH",2
"bhay",2
"bhin",2
"BHN",2
"bian",4
"bias",5
"biaz",4
"BIC",5
"bica",2
"bich",5
"bida",2
"bie",4
"biec",5
"biet",5
"biha",2
"biis",5
"bime",2
"BIR",5
"birk",5
"birn",5
"birr",3
"BIS",5
"bita",5
"BIX",3
"biza",2
"BK",2
"bkha",2
"bkur",2
"bla",2
"blak",5
"blat",5
"blaz",2
"blic",2
"bliv",3
"bliz",5
"blom",5
"bmin",3
"BMS",3
"bnov",3
"bnu",3
"bobo",2
"bobs",5
"bode",5
"boeg",3
"boen",2
"bogo",2
"bogu",2
"bomi",4
"boni",5
"bora",2
"bors",3
"BP",4
"BPA",2
"BQ",5
"brak",4
"BRC",4
"brec",2
"bred",3
"brei",3
"bres",2
"bria",5
"brie",2
"brig",2
"BRIG",5
"brup",5
"brus",5
"bsat",5
"bshe",5
"bstu",2
"BSTU",5
"bt",2
"BTA",4
"BU",5
"buch",5
"bud",5
"buna",3
"bung",2
"buns",3
"bura",3
"buri",3
"burr",3
"bus",3
"Busi",5
"BW",2
"BX",3
"byek",2
"bykn",5
"bywa",2
"BZ",2
"cab",2
"cabb",2
"cabi",4
"CACA",3
"cacc",4
"CAD",3
"CADS",3
"CAE",5
"CAF",2
"CAL",3
"cald",4
"cAll",2
"calp",5
"cAlp",5
"caly",5
"cam",5
"camm",3
"camp",5
"CANN",3
"cans",2
"cao",4
"CAO",5
"CAP",3
"CAR",5
"carf",5
"carp",3
"carv",2
"CASE",3
"cast",2
"cat",5
"cath",3
"CATS",2
"CBC",2
"CBM",3
"CBs",5
"cCab",2
"ccad",4
"CCar",4
"CCB",2
"CCCN",5
"cchi",4
"ccho",3
"CCIS",4
"ccit",4
"ccla",2
"cCle",5
"ccli",5
"CCLP",2
"CCM",3
"cCon",4
"cCor",5
"CCOR",2
"CCP",5
"ccra",2
"ccro",3
"CCRO",5
"CCS",4
"cCul",5
"ccy",3
"CDA",5
"cDil",3
"ceal",5
"cebo",5
"cebr",4
"CEC",4
"ced",5
"CEM",3
"ceno",4
"CEO",2
"cer",3
"CET",5
"ceto",5
"CETS",4
"cety",5
"cFar",2
"CFOA",5
"CFS",3
"CFTU",5
"cGee",3
"cGuf",3
"chaa",4
"chae",5
"chaj",3
"cham",5
"chap",5
"CHCA",2
"chec",4
"chee",5
"cheg",2
"CHEM",4
"chev",2
"chey",4
"chia",4
"chio",4
"chip",5
"chma",4
"chmi",5
"chmu",5
"chni",5
"choi",4
"chok",3
"chot",5
"CHPE",4
"CHR",4
"CHS",5
"chtu",4
"chyd",4
"cian",4
"ciat",2
"CID",3
"cide",2
"cids",2
"cier",2
"cIlw",2
"CIM",2
"cInt",5
"ciot",2
"CIP",4
"CIRR",2
"CISA",2
"cism",4
"cite",2
"cKay",5
"cKel",5
"cKet",5
"cKim",2
"ckla",2
"ckli",4
"cLac",2
"clan",3
"clar",3
"clat",4
"cLau",3
"CLB",5
"CLE",2
"CLEn",3
"cLeo",5
"CLIS",3
"cLou",3
"CLS",2
"cLuh",4
"cMah",3
"CMB",5
"CMC",3
"CME",5
"CMI",5
"CMM",2
"CMP",3
"CMS",2
"cmul",2
"cNai",3
"cNam",4
"cNiv",3
"coci",5
"code",3
"coge",5
"cohy",2
"cola",5
"COLS",5
"Comm",5
"como",2
"conn",2
"CONO",3
"cont",5
"conu",2
"COP",2
"coRa",5
"cord",3
"CORE",5
"CORN",4
"coso",5
"coss",4
"cota",3
"coth",2
"coun",3
"CPA",5
"CPAC",2
"cPar",2
"CPAT",3
"CPC",2
"CPD",3
"cphr",3
"CPR",2
"CPS",5
"CPSE",2
"cque",5
"cQue",3
"crag",5
"cre",2
"CRES",5
"crii",5
"crim",5
"CRIP",3
"cris",2
"CRIS",3
"CROD",3
"croo",2
"crop",5
"crou",3
"CRP",3
"CRRM",5
"CRS",4
"crum",5
"crup",2
"CRVE",3
"CRWM",5
"Cs",5
"CSC",4
"CSD",5
"CSE",2
"CSM",3
"CSSA",5
"CSSR",5
"CSU",2
"CSW",2
"ctae",5
"ctan",5
"ctar",2
"CTCO",5
"CTE",3
"cteo",2
"ctie",4
"ctis",2
"ctit",4
"CTiv",2
"CTM",5
"CTOB",2
"ctom",4
"CTPS",2
"CTR",3
"CTTi",4
"ctue",5
"ctup",3
"CTV",4
"cuan",4
"cuar",2
"cudd",2
"culi",3
"culo",3
"cupa",3
"cupr",3
"curv",4
"cusa",3
"CUT",5
"cutt",5
"cutu",5
"CW",4
"CWA",5
"cWil",4
"cy",5
"czes",4
"dab",5
"DAB",2
"dabi",3
"dach",5
"dae",2
"dah",2
"daka",5
"dale",3
"DAM",2
"damo",4
"dang",3
"dani",5
"dant",3
"DAPT",3
"dar",2
"dare",2
"das",2
"DAS",2
"dato",3
"DBC",2
"DBI",3
"dcen",3
"DCIS",2
"DCLX",5
"DCXL",5
"dda",5
"ddan",5
"dder",5
"ddfe",3
"deab",4
"dear",5
"deer",2
"dego",3
"deia",5
"delg",4
"dell",3
"delm",5
"deln",4
"dels",4
"dem",3
"dene",2
"denh",5
"deni",2
"deno",5
"denr",2
"deog",4
"DEP",5
"dest",3
"dett",5
"DFA",5
"DG",5
"DGC",4
"dgec",5
"dgel",2
"dges",5
"dgin",3
"DGs",2
"dher",5
"DIA",4
"diab",2
"diac",4
"dici",4
"dify",5
"dil",5
"dili",5
"dilo",4
"ding",3
"dinn",5
"diny",5
"dio",4
"dipo",5
"dir",3
"diro",5
"dise",2
"disi",2
"diss",5
"dita",3
"dity",3
"diva",5
"divi",5
"dizi",5
"DJ",2
"djac",2
"djar",5
"djek",3
"djut",5
"djuv",5
"DK",2
"dkin",4
"DL",5
"dlib",3
"dlin",4
"dlle",3
"dm",5
"DMA",5
"dme",2
"dmen",2
"dmet",5
"dmiu",2
"dmod",2
"DMS",4
"dnaz",2
"dno",5
"dnos",2
"dnot",5
"DNS",3
"dnya",4
"DO",3
"doga",5
"dogo",3
"doip",2
"dojo",3
"doki",2
"dokk",5
"dol",5
"doli",4
"dom",4
"domk",4
"dona",4
"dond",2
"dops",2
"dor",5
"doro",3
"dors",2
"doru",3
"dos",2
"dova",2
"DPAC",3
"DQ",2
"dra",2
"DRA",5
"dras",5
"DRH",2
"DRI",5
"dris",5
"drod",3
"drol",4
"drot",2
"ds",5
"DSA",5
"dSSR",4
"dta",4
"DTA",4
"dTec",2
"DTV",5
"duCa",2
"duco",5
"duka",5
"DUs",2
"dusk",3
"DV",5
"dval",2
"dvij",2
"dvys",4
"dwa",3
"DX",3
"dy",5
"dyl",4
"dyls",3
"dzie",2
"EAA",2
"eabr",3
"eac",4
"EAC",5
"eaca",5
"eacc",2
"EACE",4
"eacl",2
"eacn",3
"eacr",5
"eacu",4
"eadc",4
"eadf",4
"eadg",2
"eadp",2
"eadr",3
"eafe",2
"eage",3
"eago",2
"eaha",5
"eakh",4
"eald",2
"ealk",2
"EALS",3
"ealy",5
"EAM",5
"eamb",3
"EAMI",2
"eamo",5
"eamt",5
"EANG",4
"eano",5
"eanz",5
"eapf",2
"EAPO",2
"eaQu",4
"EARC",4
"eark",2
"earr",5
"EAS",2
"easp",5
"eatb",5
"eatc",4
"EATH",5
"eaul",2
"eaus",2
"eauv",4
"eay",5
"eazl",3
"eba",5
"ebac",5
"ebai",3
"ebaj",2
"ebau",3
"ebca",4
"ebdo",2
"ebek",3
"ebeu",2
"ebi",4
"ebie",4
"ebih",4
"ebil",4
"eble",5
"ebli",5
"ebLi",4
"ebne",5
"ebNe",4
"eboe",2
"eboh",5
"ebol",2
"ebot",4
"eboy",4
"EBRU",2
"EBS",2
"ebug",5
"ebuk",5
"eca",2
"ecak",5
"ECCA",3
"ECCI",3
"ECCW",2
"ecea",4
"ecel",4
"ECEM",2
"ecet",5
"eceu",5
"ECFO",3
"ECH",3
"echl",3
"echr",2
"echw",2
"ecii",5
"ecir",5
"eciu",4
"ecka",2
"eckf",2
"eckh",4
"eckm",2
"eckt",5
"eckw",2
"ecky",3
"ECO",2
"ecoc",3
"ecoi",3
"eCol",4
"ECON",5
"ecri",5
"ecry",5
"ECT",3
"ectr",2
"ects",3
"ecup",4
"ecve",4
"ECWA",3
"edam",3
"edas",4
"EDAW",4
"edbe",2
"edbi",4
"edbo",2
"edbr",2
"edbu",3
"edca",4
"edco",5
"EDD",4
"edeb",3
"edei",3
"edej",2
"edek",2
"edep",5
"edet",5
"edex",3
"edez",4
"edga",4
"edgr",5
"edgu",5
"EDI",2
"edib",5
"edif",2
"EDIN",2
"Edip",5
"eDir",3
"edju",3
"EDL",2
"EDLA",5
"edmi",2
"edna",5
"edni",4
"Edni",3
"edog",5
"edoi",3
"edop",3
"edos",2
"edow",2
"edox",3
"edPA",3
"EDPA",2
"EDS",4
"edse",2
"edsk",5
"edui",3
"eduk",4
"edum",4
"eduo",3
"edup",5
"edur",3
"edve",4
"edwi",5
"edyd",3
"edzi",2
"eeac",4
"eeah",2
"eebi",5
"eebl",5
"eebo",4
"eedf",5
"eedo",4
"eedp",5
"eefa",3
"eefe",3
"eefi",5
"eefp",3
"eega",5
"eege",5
"EEK",4
"eekd",5
"eeko",4
"eekr",3
"eelb",3
"eelf",5
"eely",5
"eelz",3
"eem",4
"eemo",4
"eenc",4
"eend",4
"eeny",4
"eepo",2
"EER",5
"eerf",5
"eerh",5
"eerk",5
"eero",5
"eert",5
"eeru",5
"EES",5
"eesc",3
"eesi",5
"eesw",5
"eetb",2
"eete",3
"eetn",4
"eets",2
"EETY",4
"eewe",2
"ef",5
"efa",3
"efac",4
"efai",4
"efan",5
"efeb",2
"efib",2
"efil",5
"efir",3
"efis",5
"efla",5
"eflo",3
"EFMA",2
"efo",2
"efon",3
"efts",2
"eftw",3
"efy",2
"egab",4
"egaf",4
"egag",5
"egah",2
"egak",5
"egaz",3
"EGB",2
"eged",2
"egev",3
"eggo",4
"egha",2
"egic",5
"egid",2
"egiu",5
"eglo",2
"eglu",3
"egma",4
"egn",2
"egna",3
"egnb",2
"egno",5
"egns",2
"ego",5
"egod",5
"egor",4
"egos",3
"egoz",2
"egu",4
"egua",5
"eguh",4
"egus",5
"egwa",3
"egwi",3
"egyp",5
"eha",5
"ehai",3
"ehal",4
"eham",5
"ehat",5
