[Appropriations made during 67th Congress, 2d, 3d, and 4th sessions; offices created, and salaries increased.]
[Appropriation for repairs to Public Health Service hospital, West Roxbury, Massachusetts.]
[Appointment of delegate to International Congress for Cattle Breeding, The Hague, Netherlands, 1923.]
[Americanization work in public schools of District of Columbia.]
[American property interests in Isle of Pines.]
[Alteration in courthouse and post office at Philadelphia, Pennsylvania.]
[Adjusted claims for damage to property by vessels of Navy.]
[Adhesion of United States to Permanent Court of International Justice, The Hague, Netherlands.]
[Adhesion of United States to International Court of Justice at The Hague, Netherlands.]
[Activities of manufacturers of posts and poles in Rocky Mountain and Mississippi Valley territory.]
[Account of State of New York for expenditures made in War of 1812.]
[Account of North Carolina for expenditures made in War of 1812.]
[1976 Olympic games.]
[1972 United Nations Conference on Human Environment.]
[1969 listing of operating Federal assistance programs compiled during Roth study.]
[1969 budget amendments for certain programs and activities.]
[1967 highway beautification program.]
[1966-68 survey of water pollution control and abatement at Federal installations.]
[1963 wheat program, small farm exemption.]
[1963 wheat program, adjustment in yields for irrigation.]
[1963 small farm wheat exemption.]
[1961 feed grain program.]
<Tin Commandeered by Navy> hearings before the United States House Committee on Naval Affairs, Subcommittee for Investigation of Conduct and Administration of Naval Affairs, Sixty-Fifth Congress, second session, on Dec. 29, 1917
<Statements of Rear Admiral Thomas Washington, Chief, Bureau of Navigation; Capt. Henry J. Ziegemeier, Naval Reserve Force Division, Bureau of Navigation> hearings before the United States House Committee on Naval Affairs, Sixty-Sixth Congress, second session, on Jan. 24, 26, 1920
<Statements of Rear Admiral Thomas Washington, Chief Bureau of Navigations; Capt. William D. Leahy, Director Gunnery and Engineering Exercises, Office of Naval Operations; Rear Admiral John A. Hoogewerff, Superintendent Naval Observatory; and Capt. William C. Asserson, of the Hydrographic Office> hearings before the United States House Committee on Naval Affairs, Sixty-Sixth Congress, second session, on Jan. 23, 1920
<Statements of Rear Admiral Samuel McGowan, Paymaster General of the Navy; Rear Admiral C. J. Peoples, Assistant to the Paymaster General; and Mr. Clyde Reed, Special Assistant> hearings before the United States House Committee on Naval Affairs, Sixty-Sixth Congress, second session, on Mar. 2-4, 1920
<Statements of Rear Admiral Samuel McGowan, Paymaster General of the Navy and Chief of Bureau of Supplies and Accounts, Rear Admiral C. J. Peoples, Assistant Chief; and Mr. Clyde Reed, Special Assistant> hearings before the United States House Committee on Naval Affairs, Sixty-Sixth Congress, first session, on June 5, 1919
<Statements of Rear Admiral Leigh C. Palmer, Chief of the Bureau of Navigation; Capt. Ellsworth P. Bertholf, Captain Commandant of the Coast Guard; Capt. William C. Watts, Judge Advocate General of the Navy; Capt. Charles McAllister, Engineer in Chief of the Coast Guard; Capt. Johnson, Capt. Laning, and Commander Coffey> hearings before the United States House Committee on Naval Affairs, Sixty-Fifth Congress, second session, on Feb. 18, 1918
<Statements of Rear Admiral Leigh C. Palmer, Chief Bureau of Navigation; Commander J. S. McCain, and Commander F. B. Freyer> hearings before the United States House Committee on Naval Affairs, Sixty-Fifth Congress, second session, on Sept. 17, 1918
<Statements of Rear Admiral Frederic R. Harris, Civil Engineer A. L. Parsons, Civil Engineer G. A. McKay, Civil Engineer Kirby Smith, and Supervising Engineer Lincoln Rogers> hearings before the United States House Committee on Naval Affairs, Subcommittee for Investigation of Conduct and Administration of Naval Affairs, Sixty-Fifth Congress, second session, on Jan. 5, 1918
<Statements of Rear Admiral F. B. Bassett, U.S.N, Commandant, Naval Training Station, Great Lakes, and Commandant Ninth, Tenth, and Eleventh Naval Districts; Commander Walter H. Allen, Civil Engineer Corps, U.S.N., Public Works Officer, Naval Training Station, Great Lakes; Lieutenant Commander Edward J. Foy, U.S.N., Naval Training Station, Great Lakes> hearings before the United States House Committee on Naval Affairs, Sixty-Sixth Congress, second session, on Jan. 19, 20, 1920
<Statements of Rear Admiral F. B. Bassett, Commandant Naval Training Station of the Great Lakes, and Commandant of the Ninth, Tenth, and Eleventh Naval Districts; Lieut. Commander E. J. Foy, Assistant to Commandant; Capt. W. M. Crose, U.S. Navy; and Commander W. H. Allen, Civil Engineer Corps, Public Works Office> hearings before the United States House Committee on Naval Affairs, Sixty-Sixth Congress, first session, on May 30, 1919
<Statements of Rear Admiral David W. Taylor, Chief of the Bureau of Construction and Repair; Rear Admiral Robert S. Griffin, Chief of the Bureau of Steam Engineering; Rear Admiral Ralph Earle, Chief of the Bureau of Ordnance; and Captain C. C. Bloch, Assistant to Chief, Bureau of Ordnance> hearings before the United States House Committee on Naval Affairs, Sixty-Sixth Congress, second session, on Feb. 20, 1920
<Statements of Rear Admiral David W. Taylor, Chief of the Bureau of Construction and Repair, and Rear Admiral Robert S. Griffin, Chief of the Bureau of Steam Engineering> hearings before the United States House Committee on Naval Affairs, Sixty-Fifth Congress, third session, on Jan. 2, 1919
<Statements of Rear Admiral Charles W. Parks, Chief Bureau of Yards and Docks, and Civil Engineers Archibald L. Parsons and Kirby Smith, Bureau of Yards and Docks> hearings before the United States House Committee on Naval Affairs, Sixty-Fifth Congress, second session, on Jan. 29, 1918
<Statements of Rear Admiral Charles W. Parks and Rear Admiral C. J. Peoples> hearings before the United States House Committee on Naval Affairs, Sixty-Sixth Congress, first session, on June 6, 1919
<Statements of Rear Admiral Charles J. Badger, U.S. Navy, Chairman of the Executive Committee of the General Board; Rear Admiral Albert G. Winterhalter, U.S. Navy; Admiral Henry T. Mayo, U.S. Navy; and Rear Admiral Joseph Strauss, U.S. Navy, Members of the General Board> hearings before the United States House Committee on Naval Affairs, Sixty-Sixth Congress, second session, on Mar. 1, 2, 1920
<Statements of Rear Admiral A. H. Scales, Superintendent, U.S. Naval Academy; Capt. W. H. Standley; Commander A. S. Kibbe; Commander Samuel Bryan, Commissary Officer; Capt. E. J. King, Head of Post Graduate School, U.S. Naval Academy; Lieut. M. E. West, and Capt. R. H. Leigh, Acting Chief, Bureau of Navigation> hearings before the United States House Committee on Naval Affairs, Sixty-Sixth Congress, first session, on May 30, 1919
<Statements of Rear Admiral A. F. Fechteler, Commandant 5th Naval District, in Charge Naval Operating Base, Hampton Roads; Rear Admiral Frederick R. Harris, Public Works Officer, Navy Yard, Norfolk, Va.; Lieut. Commander G. A. Duncan, Public Works Officer, Naval Training Station, Naval Operating Base, Hampton Roads; and Lieut. Frederick Scherberger, Jr., Supply Corps, U.S.N. Naval Operating Base, Hampton Roads> hearings before the United States House Committee on Naval Affairs, Sixty-Sixth Congress, second session, on Jan. 28-30, 1920
<Statements of Mr. Andrew Furuseth, President International Seamen's Union of America, Mr. H. P. Griffin, Mr. Oscar Carlson, Mr. Percy J. Pryor, and Mr. G. H. Brown> hearings before the United States House Committee on Naval Affairs, Sixty-Fifth Congress, second session, on Feb. 14, 1918
<Statements of Maj. Gen. John A. Lejeune, Commandant, U.S. Marine Corps> hearings before the United States House Committee on Naval Affairs, Sixty-Seventh Congress, second session, on Mar. 8, 9, 1922
<Statements of Maj. Gen. George Barnett, Commandant, U.S. Marine Corps; Maj. Gen. John A. Lejeune, Commandant Marine Base, Quantico, Va.; Brig. Gen. George Richards, Paymaster and Brig. Gen. Charles L. McCawley, Quartermaster, U.S. Marine Corps> hearings before the United States House Committee on Naval Affairs, Sixty-Sixth Congress, second session, on Feb. 27, 28, Mar. 1, 1920
<Statements of Hon. Josephus Daniels, Secretary of the Navy; Rear Admiral L. C. Palmer, Chief Bureau of Navigation; Rear Admiral E. W. Eberle, Superintendent Naval Academy; Capt. H. Laning, Bureau of Navigation; and Capt. Charles W. Crosse, Commandant Naval Station, Norfolk, Va.> hearings before the United States House Committee on Naval Affairs, Sixty-Fifth Congress, second session, on Oct. 29, 1918
<Statements of Hon. Josephus Daniels, Secretary of the Navy; Capt. R. H. Leigh, Acting Chief, Bureau of Navigation; and Rear Admiral Bullard, Director of Communications> hearings before the United States House Committee on Naval Affairs, Sixty-Sixth Congress, first session, on June 7, 1919
<Statements of Hon. Josephus Daniels, Secretary of the Navy, and Surg. Gen. William C. Braisted> hearings before the United States House Committee on Naval Affairs, Sixty-Fifth Congress, second session, on June 3, 4, 1918
<Statements of Hon. Josephus Daniels, Secretary of the Navy, and Maj. Gen. George Barnett, U.S. Marine Corps> hearings before the United States House Committee on Naval Affairs, Sixty-Fifth Congress, third session, on Jan. 14, 1919
<Statements of Captain Thomas T. Craven, Director of Naval Aviation, Office of Naval Operations> hearings before the United States House Committee on Naval Affairs, Sixty-Sixth Congress, second session, on Feb. 5, 6, 11, 12, 1920
<Statements of Capt. W. M. Crose, Commanding Officer, Naval Training Station, Naval Operating Base, Hampton Roads, Va.> hearings before the United States House Committee on Naval Affairs, Sixty-Sixth Congress, second session, on Jan. 21, 22, 1920
<Statements of Capt. Phillip Williams, Assistant Chief, Bureau of Navigation, and Rear Admiral Thomas Washington, Chief Bureau of Navigation> hearings before the United States House Committee on Naval Affairs, Sixty-Sixth Congress, second session, on Jan. 22, 1920
<Statements of Capt. Noble E. Irwin and Lieut. Commander John H. Towers> hearings before the United States House Committee on Naval Affairs, Sixty-Fifth Congress, second session, on Feb. 13, 1918
<Statements of Admiral Samuel McGowan, Paymaster General; Pay Director C. J. Peoples; and Mr. Clyde Reed, Bureau of Supplies and Accounts, Navy Department> hearings before the United States House Committee on Naval Affairs, Sixty-Fifth Congress, second session, on Jan. 22, 1918
<Statements of Admiral Robert E. Coontz, Chief of Naval Operations; Capt. Philip Williams, Assistant Chief Bureau of Navigation; Capt. Lackey; and Commander J. T. G. Stapler> hearings before the United States House Committee on Naval Affairs, Sixty-Seventh Congress, second session, on Feb. 22-24, 1922
<Statement of Surg. Gen. William C. Braisted, U.S. Navy, Chief of the Bureau of Medicine and Surgery, Navy Department> hearings before the United States House Committee on Naval Affairs, Sixty-Fifth Congress, second session, on Jan. 22, 1918
<Statement of Secretary Daniels> hearings before the United States House Committee on Naval Affairs, Sixty-Fifth Congress, third session, on Jan. 28, 1919
<Statement of Robert W. White, Chief Petty Officer, U.S. Navy> hearings before the United States House Committee on Naval Affairs, Sixty-Sixth Congress, first session, on Oct. 9, 1919
<Statement of Rear Admiral William C. Braisted, Surgeon General U.S. Navy> hearings before the United States House Committee on Naval Affairs, Sixty-Sixth Congress, second session, on Jan. 30, 1920
<Statement of Rear Admiral William C. Braisted, Chief, Bureau of Medicine and Surgery> hearings before the United States House Committee on Naval Affairs, Sixty-Fifth Congress, second session, on Nov. 26, 1918
<Statement of Rear Admiral William C. Braisted, Chief of Bureau of Medicine and Surgery> hearings before the United States House Committee on Naval Affairs, Sixty-Sixth Congress, first session, on June 6, 1919
<Statement of Rear Admiral William C. Braisted, Chief Bureau of Medicine and Surgery> hearings before the United States House Committee on Naval Affairs, Sixty-Fifth Congress, second session, on Apr. 11, 1918
<Statement of Rear Admiral Thomas Washington, Chief of the Bureau of Navigation> hearings before the United States House Committee on Naval Affairs, Sixty-Sixth Congress, second session, on Jan. 16, 1920
<Statement of Rear Admiral Samuel McGowan, Paymaster General> hearings before the United States House Committee on Naval Affairs, Subcommittee for Investigation of Conduct and Administration of Naval Affairs, Sixty-Fifth Congress, second session, on Dec. 19, 1917
<Statement of Rear Admiral Samuel McGowan, Paymaster General of the Navy> hearings before the United States House Committee on Naval Affairs, Sixty-Sixth Congress, first session, on Oct. 15, 1919
<Statement of Rear Admiral Robert S. Griffin, Chief of the Bureau of Steam Engineering> hearings before the United States House Committee on Naval Affairs, Sixty-Sixth Congress, second session, on Feb. 2, 3, 1920
<Statement of Rear Admiral Robert S. Griffin, Chief of Bureau of Steam Engineering, Department of the Navy> hearings before the United States House Committee on Naval Affairs, Sixty-Fifth Congress, second session, on Jan. 21, 1918
<Statement of Rear Admiral Robert S. Griffin, Chief Bureau of Steam Engineering> hearings before the United States House Committee on Naval Affairs, Sixty-Fifth Congress, second session, on Nov. 21, 1918
<Statement of Rear Admiral Ralph Earle, U.S. Navy Chief of Bureau of Ordnance, Navy Department> hearings before the United States House Committee on Naval Affairs, Sixty-Fifth Congress, second session, on Jan. 18, 1918
<Statement of Rear Admiral Ralph Earle, Chief, Bureau of Ordnance> hearings before the United States House Committee on Naval Affairs, Sixty-Fifth Congress, second session, on May 28, 1918
<Statement of Rear Admiral Ralph Earle, Chief of the Bureau of Ordnance> hearings before the United States House Committee on Naval Affairs, Sixty-Sixth Congress, second session, on Jan. 27, 28, 1920
<Statement of Rear Admiral Ralph Earle, Chief of Ordnance> hearings before the United States House Committee on Naval Affairs, Sixty-Fifth Congress, second session, on Nov. 19, 1918
<Statement of Rear Admiral Leigh C. Palmer, Chief of the Bureau of Navigation> hearings before the United States House Committee on Naval Affairs, Sixty-Fifth Congress, second session, on Apr. 25, 1918
<Statement of Rear Admiral Leigh C. Palmer, Chief Bureau of Navigation, Department of the Navy> hearings before the United States House Committee on Naval Affairs, Sixty-Fifth Congress, second session, on Jan. 17, 1918
<Statement of Rear Admiral Hugh Rodman, U.S. Navy> hearings before the United States House Committee on Naval Affairs, Sixty-Fifth Congress, third session, on Jan. 3, 1919
<Statement of Rear Admiral David W. Taylor, Chief of the Bureau of Construction and Repair> hearings before the United States House Committee on Naval Affairs, Sixty-Sixth Congress, second session, on Jan. 31, 1920
<Statement of Rear Admiral David W. Taylor, Chief of the Bureau of Construction and Repair> hearings before the United States House Committee on Naval Affairs, Sixty-Fifth Congress, second session, on Nov. 22, 1918
<Statement of Rear Admiral David W. Taylor, Chief Bureau of Construction and Repair; Capt. G. W. Steele, U.S. Navy; Commander J. H. Towers, U.S. Navy> hearings before the United States House Committee on Naval Affairs, Sixty-Fifth Congress, second session, on Nov. 27, 1918
<Statement of Rear Admiral Charles W. Parks, Chief of the Bureau of Yards and Docks> hearings before the United States House Committee on Naval Affairs, Sixty-Sixth Congress, second session, on Feb. 9, 10, 1920
<Statement of Rear Admiral Charles W. Parks, Chief of the Bureau of Yards and Docks> hearings before the United States House Committee on Naval Affairs, Sixty-Sixth Congress, second session, on Feb. 23, 24, 1920
<Statement of Rear Admiral Charles W. Parks, Chief Bureau of Yards and Docks> hearings before the United States House Committee on Naval Affairs, Sixty-Fifth Congress, second session, on May 29, 1918
<Statement of Rear Admiral Albert P. Niblack, Director of Naval Intelligence> hearings before the United States House Committee on Naval Affairs, Sixty-Sixth Congress, second session, on Feb. 14, 20, 1920
<Statement of Rear Admiral A. H. Scales, Superintendent of the Naval Academy; and also of Lieutenant Commander H. G. Taylor, Lieutenant Commander F. T. Foxwell, Commander Samuel Bryan (Supply Corps), and Commander Paul E. Dampman, of the U.S. Naval Academy, Annapolis> hearings before the United States House Committee on Naval Affairs, Sixty-Sixth Congress, second session, on Feb. 13, 1920
<Statement of Mr. Graham Egerton, Solicitor, Navy Department> hearings before the United States House Committee on Naval Affairs, Sixty-Sixth Congress, first session, on June 4, 1919
<Statement of Maj. Gen. John A. Lejeune, U.S. Marine Corps> hearings before the United States House Committee on Naval Affairs, Sixty-Sixth Congress, second session, on Feb. 26, 1920
<Statement of Maj. Gen. George Barnett, Commandant U.S. Marine Corps> hearings before the United States House Committee on Naval Affairs, Sixty-Fifth Congress, second session, on Jan. 23, 1918
<Statement of Maj. Gen. George Barnett, Commandant of the Marine Corps> hearings before the United States House Committee on Naval Affairs, Sixty-Fifth Congress, third session, on Dec. 19, 1918
<Statement of Honorable John I. Nolan, a Representative in Congress from the State of California> hearings before the United States House Committee on Naval Affairs, Sixty-Sixth Congress, second session, on Feb. 23, 1920
<Statement of Hon. Walter R. Stiness, a Representative from the State of Rhode Island> hearings before the United States House Committee on Naval Affairs, Sixty-Sixth Congress, second session, on Oct. 8, 1919
<Statement of Hon. Theodore Roosevelt, Assistant Secretary of the Navy, Admiral D. W. Taylor, Chief of the Bureau of Construction and Repair, Rear Admiral W. L. Rodgers, Chairman, Executive Committee of the General Board of the Navy, Rear Admiral Charles B. McVay, Jr., Chief of the Bureau of Ordnance, Rear Admiral W. A. Moffett, Chief of the Bureau of Aeronautics, Capt. Henry C. Mustin and Lieut. Commander Godfrey De C. Chevalier, U.S.N. on Airplane Carriers> hearings before the United States House Committee on Naval Affairs, Sixty-Seventh Congress, second session, on Feb. 20, 21, 1922
<Statement of Hon. Newton D. Baker, Secretary of War> hearings before the United States House Committee on Naval Affairs, Sixty-Sixth Congress, first session, on June 2, 1919
<Statement of Hon. Josephus Daniels, Secretary of the Navy> hearings before the United States House Committee on Naval Affairs, Subcommittee for Investigation of Conduct and Administration of Naval Affairs, Sixty-Fifth Congress, second session, on Dec. 19, 1917
<Statement of Hon. Josephus Daniels, Secretary of the Navy> hearings before the United States House Committee on Naval Affairs, Sixty-Sixth Congress, first session, on May 27, 28, 1919
<Statement of Hon. Josephus Daniels, Secretary of the Navy> hearings before the United States House Committee on Naval Affairs, Sixty-Sixth Congress, first session, on June 5, 6, 1919
<Statement of Hon. Josephus Daniels, Secretary of the Navy> hearings before the United States House Committee on Naval Affairs, Sixty-Fifth Congress, third session, on Dec. 30, 31, 1918, Jan. 1, 2, 1919
<Statement of Hon. Josephus Daniels, Secretary of the Navy> hearings before the United States House Committee on Naval Affairs, Sixty-Fifth Congress, second session, on Jan. 31, 1918
<Statement of Hon. George Holden Tinkham, a Representative in Congress from the State of Massachusetts> hearings before the United States House Committee on Naval Affairs, Sixty-Sixth Congress, second session, on Feb. 9, 1920
<Statement of Hon. G. A. Richardson> hearings before the United States House Committee on the Territories, Fifty-Ninth Congress, first session, on Feb. 1, 1906
<Statement of Hon. Franklin D. Roosevelt, Assistant Secretary of the Navy> hearings before the United States House Committee on Naval Affairs, Sixty-Fifth Congress, second session, on Feb. 4, 1918
<Statement of Hon. Elihu Root, Secretary of War> hearings before the United States Senate Committee on Military Affairs, Fifty-Sixth Congress, first session, on Apr. 5, 1900
<Statement of Hon. Edwin Denby, Secretary of the Navy> hearings before the United States House Committee on Naval Affairs, Sixty-Seventh Congress, second session, on Feb. 13, 1922
<Statement of Hon. Edwin Denby, Secretary of the Navy, on the Transfer of the U.S.S. Columbia, Formerly the Steamship Great Northern> hearings before the United States House Committee on Naval Affairs, Sixty-Seventh Congress, second session, on Mar. 15, 1922
<Statement of Hon. Bernard L. Rodey> hearings before the United States House Committee on the Territories, Fifty-Eighth Congress, third session, on Jan. 27, 1905
<Statement of Commander Claude B. Mayo of the Bureau of Navigation> hearings before the United States House Committee on Naval Affairs, Sixty-Sixth Congress, second session, on Jan. 16, 17, 1920
<Statement of Commander C. B. Mayo> hearings before the United States House Committee on Naval Affairs, Sixty-Sixth Congress, first session, on May 31, 1919
<Statement of Col. Theodore Roosevelt, Assistant Secretary of the Navy, on the Conversion of Battle Cruisers into Airplane Carriers, and for the Cancellation of Contracts> hearings before the United States House Committee on Naval Affairs, Sixty-Seventh Congress, second session, on Mar. 22, 1922
<Statement of Capt. William C. Watts, Judge Advocate General, U.S. Navy> hearings before the United States House Committee on Naval Affairs, Sixty-Fifth Congress, second session, on Dec. 19, 1917
<Statement of Capt. R. H. Leigh, Acting Chief of the Bureau of Navigation, U.S. Navy> hearings before the United States House Committee on Naval Affairs, Sixty-Sixth Congress, first session, on May 28, 29, 1919
<Statement of Capt. L. M. Nulton, U.S. Navy> hearings before the United States House Committee on Naval Affairs, Sixty-Sixth Congress, first session, on Oct. 9, 1919
<Statement of Capt. H. Laning, Acting Chief, Bureau of Navigation> hearings before the United States House Committee on Naval Affairs, Sixty-Fifth Congress, third session, on Dec. 17, 18, 1918
<Statement of Capt. H. E. Lackey, U.S. Navy> hearings before the United States House Committee on Naval Affairs, Sixty-Seventh Congress, second session, on Feb. 27, 1922
<Statement of Capt. G. C. Day, Submarine Division> hearings before the United States House Committee on Naval Affairs, Sixty-Seventh Congress, second session, on Feb. 27, 1922
<Statement of Capt. Evers, Commander Nelson, and Commander Macklin, National Naval Volunteers; and Commander R. A. Koch and Ensign F. G. Blasdel, U.S. Navy> hearings before the United States House Committee on Naval Affairs, Sixty-Fifth Congress, second session, on Jan. 30, 1918
<Statement of Capt. Evan W. Scott, Chaplain Corps, U. S. Navy, Lieut. Commander H. C. Train and Lieut. Commander R. R. Emmett, U.S. Navy> hearings before the United States House Committee on Naval Affairs, Sixty-Seventh Congress, second session, on Mar. 6, 1922
<Statement of Capt. E. W. Eberle, Superintendent of the U.S. Naval Academy> hearings before the United States House Committee on Naval Affairs, Sixty-Fifth Congress, second session, on Jan. 24, 1918
<Statement of Capt. E. P. Bertholf> hearings before the United States House Committee on Naval Affairs, Sixty-Fifth Congress, second session, on June 22, 1918
<Statement of Capt. Douglas E. Dismukes, Commanding Naval Training Station, Newport, R.I.> hearings before the United States House Committee on Naval Affairs, Sixty-Sixth Congress, second session, on Jan. 17, 1920
<Statement of Brigadier General Joseph C. Breckinridge> hearings before the United States House Committee on Military Affairs, Fifty-Seventh Congress, second session, on Dec. 17, 1902
<Statement of Brigadier General George B. Davis of Washington, D.C.> hearings before the United States House Committee on Military Affairs, Subcommittee on Parks, Fifty-Seventh Congress, first session, on Jan. 30, Feb. 14, 20, 26, Apr. 14, 1902
<Statement of Admiral Samuel McGowan, Paymaster General of the Navy and Chief of Bureau of Supplies and Accounts> hearings before the United States House Committee on Naval Affairs, Sixty-Fifth Congress, second session, on Nov. 25, 1918
<Statement of Admiral Robert E. Coontz, Chief of Naval Operations> hearings before the United States House Committee on Naval Affairs, Sixty-Sixth Congress, second session, on Jan. 15, 30, 1920
<Statement of Admiral Robert E. Coontz, Chief of Naval Operations> hearings before the United States House Committee on Naval Affairs, Sixty-Seventh Congress, second session, on Feb. 14-17, 1922
<Statement of Admiral Parks> hearings before the United States House Committee on Naval Affairs, Sixty-Fifth Congress, third session, on Dec. 3-6, 1918
<Statement of Admiral Luther E. Gregory, Civil Engineer Corps, U.S. Navy, Chief of the Bureau of Yards and Docks> hearings before the United States House Committee on Naval Affairs, Sixty-Seventh Congress, second session, on Mar. 3, 1922
<Statement of Admiral Henry Mayo, Commander in Chief of the Atlantic Fleet> hearings before the United States House Committee on Naval Affairs, Sixty-Fifth Congress, third session, on Jan. 30, 1919
<Statement of Admiral Henry B. Wilson, U.S. Navy, Superintendent of the U.S. Naval Academy, Annapolis, Md.; Hon. Edwin Denby, Secretary of the Navy; and Admiral Thomas Washington, Chief of the Bureau of Navigation, Navy Department> hearings before the United States House Committee on Naval Affairs, Sixty-Seventh Congress, second session, on Mar. 1, 1922
<Statement of Admiral Edward W. Eberle> hearings before the United States House Committee on Naval Affairs, Sixty-Fifth Congress, third session, on Dec. 9, 1918
<Statement of Admiral Edward R. Stitt, Medical Corps, U.S. Navy, Chief of the Bureau of Medicine and Surgery and Hon. Theodore Roosevelt, Assistant Secretary of the Navy> hearings before the United States House Committee on Naval Affairs, Sixty-Seventh Congress, second session, on Mar. 2, 1922
<Statement of Admiral David W. Taylor, Chief of the Bureau of Construction and Repair, on the Construction Corps of the U.S. Navy> hearings before the United States House Committee on Naval Affairs, Sixty-Seventh Congress, second session, on Feb. 28, 1922
<Statement of Admiral David Potter, Supply Corps, U.S. Navy, Paymaster General, Chief of the Bureau of Supplies and Accounts> hearings before the United States House Committee on Naval Affairs, Sixty-Seventh Congress, second session, on Mar. 7, 8, 1922
<Statement of Admiral Charles P. Plunkett> hearings before the United States House Committee on Naval Affairs, Sixty-Fifth Congress, second session, on Jan. 7, 1918
<Statement of Admiral C. W. Parks, Chief of the Bureau of Yards and Docks, Navy Department> hearings before the United States House Committee on Naval Affairs, Sixty-Fifth Congress, second session, on Mar. 28, 1918
<Statement by Surg. Gen. William C. Braisted, Chief of the Bureau of Medicine and Surgery of the Navy Department> hearings before the United States House Committee on Naval Affairs, Subcommittee for Investigation of Conduct and Administration of Naval Affairs, Sixty-Fifth Congress, second session, on Jan. 9, 1918
<Statement by Rear Admiral Robert E. Coontz of the Office of Naval Operations> hearings before the United States House Committee on Naval Affairs, Sixty-Fifth Congress, third session, on Dec. 10, 1918
<Statement by Rear Admiral Charles J. Badger> hearings before the United States House Committee on Naval Affairs, Sixty-Fifth Congress, third session, on Dec. 12, 1918
<Rear Admiral A. F. Fechteler, Commandant Fifth Naval District, in Charge Naval Operating Base. Rear Admiral Frederick R. Harris, Aid for Public Works, Fifth Naval District. Lieutenant Commander G. A. Duncan, Public Works Officer, Naval Operating Base, Hampton Roads, Va. Capt. W. M. Crose, Commanding Officer, Naval Training Station, Naval Operating Base, Hampton Roads, Va. Captain T. H. Hicks, Aid for Supplies. Lieutenant Commander Bernard H. Bieri, Aid to Commandant> hearings before the United States House Committee on Naval Affairs, Sixty-Sixth Congress, second session, on Feb. 18, 19, 1920
<Purchase of Dry Dock from the Commonwealth of Massachusetts> hearings before the United States House Committee on Naval Affairs, Sixty-Fifth Congress, second session, on Sept. 23, 24, 1918
<Public Work of the Marine Corps> hearings before the United States House Committee on Naval Affairs, Sixtieth Congress, second session, on Dec. 11, 1908
<Nomination of William A. Woods> hearings before the United States Senate Committee on the Judiciary, Fifty-Second Congress, first session, on Jan. 29, Feb. 5, 1892
<Investigation of Eight Hour Law and Convict Labor> hearings before the United States House Committee on Labor, Fifty-Second Congress, first session, on Mar. 8, 9, 1892
<Hearings Relating to Investigation of Rumors Regarding Misappropriation of Funds Placed at the Disposal of General Land Office for the Protection of Public Lands> hearings before the United States House Committee on Expenditures in the Interior Department, Sixty-First Congress, second session, on Jan. 17, 19, 24, 26, 29, Feb. 1, 7, Mar. 7, 14, 1910
<Hearing on the Ohio River. Statement of W. H. Bixby> hearings before the United States House Committee on Rivers and Harbors, Fifty-Seventh Congress, first session, on Feb. 18, 1902
<Hearing on H.R. 2758> hearings before the United States House Committee on Coinage, Weights, and Measures, Fifty-Fourth Congress, first session, on Jan. 30, Feb. 27, 1896
<Confirmation of Arizona Legislative Act No. 47 and Act No. 70> hearings before the United States House Committee on the Territories, Fifty-Eighth Congress, second session, on Feb. 11, 1904
<Affairs of the Mexican Kickapoo Indians.> Appendix B: hearings before the United States Senate Committee on Indian Affairs, Fifty-Ninth Congress, second session
<Admiral Benson and Rear Admiral Sims To Be Permanent Admirals> hearings before the United States House Committee on Naval Affairs, Sixty-Sixth Congress, first session, on July 22, 1919
98th Congress hearings Subcommittee on Rules of the House : hearings before the Subcommittee on Rules of the House of the Committee on Rules, House of Representatives, Ninety-eighth Congress
The 8-percent section of the Job Training Partnership Act hearing before the Subcommittee on Employment Opportunities of the Committee on Education and Labor, House of Representatives, Ninety-ninth Congress, first session, hearing held in Atlanta, GA, December 7, 1985
8(a) program moratorium and Small Business Administration personnel practices hearing before the Subcommittee on Minority Enterprise and General Oversight of the Committee on Small Business, House of Representatives, Ninety-fifth Congress, first session ... October 19, 1977
The 600-ship Navy and the maritime strategy hearings before the Seapower and Strategic and Critical Materials Subcommittee of the Committee on Armed Services, House of Representatives, Ninety-ninth Congress, first session, June 24, September 5, 6, and 10, 1985
The 6 keys to teacher engagement unlocking the doors to top teacher performance
The 5th Wave
58 Poems
The 55-MPH speed limit hearing before the Subcommittee on Transportation, Aviation, and Materials of the Committee on Science and Technology, U.S. House of Representatives, Ninety-ninth Congress, first session, February 21, 1985
50 ideas to train your sales staff in 15 minutes a day for retail music businesses
50 girls 50 and other stories
5-year extension of targeted jobs tax credits hearing before the Subcommittee on Savings, Pensions, and Investment Policy of the Committee on Finance, United States Senate, Ninety-ninth Congress, first session, November 22, 1985
400 North Capitol Street hearing before the Subcommittee on Buildings and Grounds of the Committee on Public Works, United States Senate, Ninety-fourth Congress, second session ... April 9, 1976
4-H Club and Rural Youth Act hearings before the United States House Committee on Agriculture, Seventy-Seventh Congress, first session, on Nov. 17, 18, 1941
370 years of astronomy in Utrecht proceedings of a conference held at Hotel Leeuwenhorst, Noordwijkerhout, the Netherlands, 2-5 April 2012
369th Veteran's Association charter hearing before the Subcommittee on Administrative Law and Governmental Relations of the Committee on the Judiciary, House of Representatives, Ninety-eighth Congress, first session, on H.R. 1095 ... October 26, 1983
30 Stunden Niederländisch für Anfänger
30 great myths about Shakespeare
3.11 disaster and change in Japan
3-minute J.R.R. Tolkien an unauthorized biography of the world's most revered fantasy writer
25th anniversary of the United Nations hearings, Ninety-first Congress, second session
21st Century Patent System Improvement Act; Patent and Trademark Office Surcharge Extension Act of 1997; and Patent Term Restoration Act of 1997 hearing before the Subcommittee on Courts and Intellectual Property of the Committee on the Judiciary, House of Representatives, One Hundred Fifth Congress, first session, on H.R. 400 ... H.R. 673 ... and H.R. 811 ... February 26, 1997
21st century Congress hearing before the Subcommittee on Rules and Organization of the House of the Committee on Rules, House of Representatives, One Hundred Fourth Congress, second session, on legislating in the 21st century, May 24, 1996
20th anniversary of the National Cancer Act hearing before the Subcommittee on Health and the Environment of the Committee on Energy and Commerce, House of Representatives, One Hundred Second Congress, first session, September 24, 1991
20th anniversary of the Individuals with Disabilities Education Act (part B) joint hearing before the Subcommittee on Disability Policy of the Committee on Labor and Human Resources, United States Senate and the Subcommittee on Early Childhood, Youth, and Families of the Committee on Economic and Educational Opportunities, One Hundred Fourth Congress, first session ... May 9, 1995
2012 tax filing IRS faces challenges providing service to taxpayers and could collect balances due more effectively : report to congressional committees
2010-2011 lectures
2008 survey of public participation in the arts
2008 joint United States-Canadian program to explore the limits of the extended continental shelf abroad U.S. Coast Guard cutter Healy, cruise HLY0806 September 5-October 1, 2008, barrow to barrow, Alaska
2006 Nobel laureates hearing before the Subcommittee on Science, Technology, and Innovation of the Committee on Commerce, Science, and Transportation, United States Senate, One Hundred Tenth Congress, first session, May 2, 2007
2002 survey of public participation in the arts
2000 census planning decennial census questionnaire content : hearing before the Subcommittee on Census and Population of the Committee on Post Office and Civil Service, House of Representatives, One Hundred Second Congress, second session, October 1, 1992
200-mile fishery oversight, joint ventures hearings before the Subcommittee on Fisheries and Wildlife Conservation and the Environment of the Committee on Merchant Marine and Fisheries, House of Representatives, Ninety-fifth Congress, first session, on Implementation of the 200-mile fishing zone act, April 14, 15, 1977, San Francisco, Calif., joint ventures, H.R. 2564, H.R. 4165, and H.R. 4166 ... July 18, 1977
200-mile fishery hearings before the Subcommittee on Fisheries and Wildlife Conservation and the Environment of the Committee on Merchant Marine and Fisheries, House of Representatives, Ninety-fifth Congress, second session
200-mile fisheries zone and joint ventures hearings before the Subcommittee on Fisheries and Wildlife Conservation of the Committee on Merchant Marine and Fisheries, House of Representatives, Ninety-fourth Congress, first session
2,4-D Weed Killer hearings before the United States House Committee on Agriculture, Subcommittee No. 4 (Agriculture), Eightieth Congress, second session, on Apr. 21, 1948
2 pianos, 4 hands
1999 bank & thrift brand office data book, office deposits and addresses of fdic-insured institutions ... northeast region ... federal deposit
The 1997 economic report of the President economic and budget outlook : hearing before the Joint Economic Committee, Congress of the United States, One Hundred Fifth Congress, first session
The 1996 National Science Foundation authorization hearings before the Subcommittee on Basic Research of the Committee on Science, U.S. House of Representatives, One Hundred Fourth Congress, first session, February 22; March 2, 1995
1996 national drug control strategy hearing before the Subcommittee on National Security, International Affairs, and Criminal Justice of the Committee on Government Reform and Oversight, House of Representatives, One Hundred Fourth Congress, second session, May 8, 1996
The 1996 budget for the Department of Housing and Urban Development hearings before the Committee on the Budget, House of Representatives, One Hundred Fourth Congress, first session, hearings held in Washington, DC, February 22 and 23, 1995
1996 Atlanta centennial Olympic coin hearing before the Subcommittee on Consumers [as printed] Affairs and Coinage of the Committee on Banking, Finance, and Urban Affairs, House of Representatives, One Hundred Second Congress, second session, April 8, 1992
1995 NASA authorization hearings before the Subcommittee on Space of the Committee on Science, Space, and Technology, House of Representatives, One Hundred Third Congress, second session, February 23; March 23; April 14, 1994
1995 NASA authorization (space station, parts I & II) : hearings before the Subcommittee Space of the Committee on Science, Space, and Technology, House of Representatives, One Hundred Third Congress, second session, April 13, 20, 1994
1995 budget request for NOAA's ocean and coastal programs hearing before the Subcommittee on Oceanography, Gulf of Mexico, and the Outer Continental Shelf of the Committee on Merchant Marine and Fisheries, House of Representatives, One Hundred Third Congress, first session ... March 2, 1994
1995 board of trustees annual report on the federal hospital insurance and federal supplementary insurance trust funds hearing before the Committee on Finance, United States Senate, One Hundred Fourth Congress, first session, May 9, 1995
1995 board of trustees annual report on the federal hospital insurance and federal supplementary insurance trust funds hearing before the Committee on Finance, United States Senate, One Hundred Fourth Congress, first session, June 6, 1995
1995 annual report of the Social Security and Disability Trust funds hearing before the Subcommittee on Social Security and Family Policy of the Committee on Finance, United States Senate, One Hundred Fourth Congress, first session, April 7, 1995
1994 peanut crop and outlook for the peanut program hearing before the Subcommittee on Specialty Crops and Natural Resources of the Committee on Agriculture, House of Representatives, One Hundred Third Congress, second session, July 18, 1994, Headland, Alabama
1994 nomination for the Department of Veterans Affairs hearings before the Committee on Veterans' Affairs, United States Senate, One Hundred Third Congress, second session on the nominations of R. John Vogel, to be Under Secretary for Benefits, and Kenneth W. Kizer, M.D., M.P.H., to be Under Secretary for Health, January 26 and September 13, 1994
1994 NASA authorization hearing before the Subcommittee on Technology, Environment, and Aviation of the Committee on Science, Space, and Technology, U.S. House of Representatives, One Hundred Third Congress, first session
1994 majority staff report of the Task Force on Bonneville Power Administration oversight hearing before the Subcommittee on Oversight and Investigations of the Committee on Natural Resources, House of Representatives, One Hundred Third Congress, second session ... hearing held in Washington, DC, August 9, 1994
The 1994 economic report of the President the economic outlook : hearing before the Joint Economic Committee, Congress of the United States, One Hundred Third Congress, second session, January 31, 1994
1993 nominations for the Department of Veterans Affairs and Department of Labor hearings before the Committee on Veterans' Affairs, United States Senate, One Hundred Third Congress, first session on the nominations of Jerry W. Bowen, to be Director of the National Cemetery System ... May 12, July 1, October 28, and November 19, 1993
1993 National Science Foundation authorization hearings before the Subcommittee on Science of the Committee on Science, Space, and Technology, House of Representatives, One Hundred Third Congress, first session, May 20 and June 15, 1993
1993 NASA authorization hearing before the Subcommittee on Technology and Competitiveness of the Committee on Science, Space, and Technology, U.S. House of Representatives, One Hundred Second Congress, second session
The 1993 international narcotics control strategy report and the future of U.S. narcotics policy hearing before the Subcommittee on International Security, International Organizations, and Human Rights of the Committee on Foreign Affairs, House of Representatives, One Hundred Third Congress, first session, May 11, 1993
1993 HUD/IG semiannual report to Congress hearing before the Subcommittee on Housing and Community Development of the Committee on Banking, Finance, and Urban Affairs, House of Representatives, One Hundred Third Congress, first session, June 23, 1993
1993 empowerment zone and enterprise community program hearing before the Subcommittee on Economic Development of the Committee on Public Works and Transportation, House of Representatives, One Hundred Third Congress, second session, February 7, 1994
The 1993 economic report of the President hearings before the Joint Economic Committee, Congress of the United States, One Hundred Third Congress, first session
1993 budget mid-session review : hearing before the Committee on the Budget, United States Senate, One Hundred Second Congress, second session, July 28, 1992
1992-1993 Small Business Administration budget (including H.R. 3304, H.R. 4111, and H.R. 4197) hearings before the Committee on Small Business, House of Representatives, One Hundred Second Congress, second session, Washington, DC, February 18, 20, and March 5, 1992, on H.R. 3304 ... and H.R. 4111 and H.R. 4197
The 1992 Olympic Commemorative Coin Act, H.R. 4962; the Korean War Veterans Memorial Thirty-eighth Anniversary Commemorative Coin Act, H.R. 5053 hearing before the Subcommittee on Consumer Affairs and Coinage of the Committee on Banking, Finance, and Urban Affairs, House of Representatives, One Hundred First Congress, second session, August 1, 1990
1992 NASA authorization hearing before the Subcommittee on Technology and Competitiveness of the Committee on Science, Space, and Technology, U.S. House of Representatives, One Hundred Second Congress, first session
The 1992 economic report of the President hearings before the Joint Economic Committee, Congress of the United States, One Hundred Second Congress, second session
1991 White House Conference on Aging options and strategies : joint hearing before the Select Committee on Aging and the Subcommittee on Human Services of the Select Committee on Aging, House of Representatives, One Hundred First Congress, first session, June 26, 1989
1991 science & technology posture hearing with the director of the Office of Science and Technology Policy hearing before the Committee on Science, Space, and Technology, U.S. House of Representatives, One Hundred Second Congress, first session, February 20, 1991
The 1991 presidential awards for excellence in science and mathematics education hearing before the Subcommittee on Science of the Committee on Science, Space, and Technology, U.S. House of Representatives, One Hundred Second Congress, first session, October 3, 1991
1991 NASA authorization hearing before the Subcommittee on Transportation, Aviation, and Materials of the Committee on Science, Space, and Technology, U.S. House of Representatives, One Hundred First Congress, second session
The 1991 economic report of the President hearings before the Joint Economic Committee, Congress of the United States, One Hundred Second Congress, first session, January 4, February 12, and March 6, 8, 13, and 14, 1991
1990 tax return filing season and the administration's fiscal year 1991 budget proposals relating to the Internal Revenue Service hearing before the Subcommittee on Oversight of the Committee on Ways and Means, House of Representatives, One Hundred First Congress, second session, March 22, 1990
1990 science & technology posture hearing with the director of the Office of Science & Technology Policy hearing before the Committee on Science, Space, and Technology, U.S. House of Representatives, One Hundred First Congress, second session, February 7, 1990
1990 oversight hearing on the National Labor Relations Board hearing before the Employment and Housing Subcommittee of the Committee on Government Operations, House of Representatives, One Hundred First Congress, second session, October 3, 1990
1990 NOAA authorization hearing before the Subcommittee on Natural Resources, Agriculture Research, and Environment of the Committee on Science, Space, and Technology, U.S. House of Representatives, One Hundred First Congress, first session, April 4, 1989
1990 NASA authorization hearing before the Subcommittee on Transportation, Aviation, and Materials of the Committee on Science, Space, and Technology, U.S. House of Representatives, One Hundred First Congress, first session
1990 Farm Bill and underground storage tanks hearing before the Subcommittee on Regulation, Business Opportunities, and Energy of the Committee on Small Business, House of Representatives, One Hundred First Congress, first session, Portland, OR, September 5, 1989
The 1990 Economic report of the President hearings before the Joint Economic Committee, Congress of the United States, One Hundred First Congress, second session, January 24 and 30, February 2 and 8, and March 15, 1990
1990 census procedures and demographic impact on the state of Michigan hearing before the Committee on Post Office and Civil Service, House of Representatives, One Hundredth Congress, second session, June 24, 1988
1990 census planning--questionnaire subjects joint hearing before the Subcommittee on Federal Services, Post Office, and Civil Service of the Committee on Governmental Affairs, United States Senate, and the Subcommittee on Census and Population of the Committee on Post Office and Civil Service, House of Representatives, One hundredth Congress, first session, May 14, 1987
1990 census oversight hearing before the Subcommittee on Government Information and Regulation of the Committee on Governmental Affairs, United States Senate, One Hundred First Congress, first session, May 5, 1989
1990 census coverage evaluation operations hearing before the Subcommittee on Census and Population of the Committee on Post Office and Civil Service, House of Representatives, One Hundred First Congress, second session, September 11, 1990
1990 census and housing data for the elderly can we count on it? : joint hearing before the Subcommittee on Housing and Consumer Interests and the Select Committee on Aging, House of Representatives, One Hundredth Congress, second session, February 24, 1988
1990 census adjustment procedures and coverage evaluation hearing before the Subcommittee on Census and Population of the Committee on Post Office and Civil Service, House of Representatives, Ninety-ninth Congress, second session, July 24, 1986
1990 budget proposals affecting federal and postal employees and retirees hearing before the Subcommittee on Compensation and Employee Benefits of the Committee on Post Office and Civil Service, House of Representatives, One Hundred First Congress, first session, March 7, 1989
1989 tax return filing season hearing before the Subcommittee on Oversight of the Committee on Ways and Means, House of Representatives, One Hundred First Congress, first session, March 16, 1989
1989 report of the Physician Payment Review Commission hearing before the Subcommittee on Health of the Committee on Ways and Means, House of Representatives, One Hundred First Congress, first session, March 21, 1989
The 1989 omnibus drug program hearings and markups before the Subcommittee on Fiscal Affairs and Health and the Committee on the District of Columbia, House of Representatives, One Hundred First Congress, first session ... H.R. 1502 and clean bill H.R. 2109 to authorize the appropriations of funds to the District of Columbia for additional officers and members of the Metropolitan Police Department ... March 9; April 13 and 27; May 11, 1989
1989 National Science Foundation authorization hearings before the Subcommittee on Science, Research, and Technology of the Committee on Science, Space, and Technology, House of Representatives, One Hundredth Congress, second session, March 22, 23, 24, 1988
1989 National Bureau of Standards authorization hearings before the Subcommittee on Science, Research, and Technology of the Committee on Science, Space, and Technology, House of Representatives, One Hundredth Congress, second session, March 15, 16, 17, 1988
1989 NASA authorization hearings before the Subcommittee on Transportation, Aviation, and Materials of the Committee on Science, Space, and Technology, House of Representatives, One Hundredth Congress, second session
1989 NASA authorization hearings before the Subcommittee on Space Science and Applications of the Committee on Science, Space, and Technology, House of Representatives, One Hundredth Congress, second session, March 3, 8, 9, 10, 22, 23, 24, 29, 30, 31, 1988
1989 events in Panama joint hearings before the Committee on Armed Services, and the Select Committee on Intelligence, United States Senate, One Hundred First Congress, first session, October 6 and 17; December 22, 1989
The 1989 Economic report of the President hearings before the Joint Economic Committee, Congress of the United States, One Hundred First Congress, first session, January 18 and 31, February 2, 9, 22, and 23, 1989
1988 wheat program announcement and county loan rates for the 1987 wheat crop hearing before the Subcommittee on Wheat, Soybeans, and Feed Grains of the Committee on Agriculture, House of Representatives, One hundredth Congress, first session, July 13, 1987
1988 tax return filing season hearing before the Subcommittee on Oversight of the Committee on Ways and Means, House of Representatives, One Hundredth Congress, second session, February 23, 1988
1988 Summer Olympics hearing before the Subcommittee on Commerce, Consumer Protection, and Competitiveness of the Committee on Energy and Commerce, House of Representatives, One Hundredth Congress, first session, July 30, 1987
1988 science and technology posture hearing with the Director of the Office of Science and Technology Policy hearing before the Committee on Science, Space, and Technology, U.S. House of Representatives, One Hundredth Congress, second session, February 23, 1988
1988 oversight hearing on the National Labor Relations Board hearing before a subcommittee of the Committee on Government Operations, House of Representatives, One Hundredth Congress, second session, July 13, 1988
The 1988 Olympic Commemorative Coin Act (H.R. 2741) hearing before the Subcommittee on Consumer Affairs and Coinage of the Committee on Banking, Finance, and Urban Affairs, House of Representatives, One-hundredth Congress, first session, on H.R. 2741 ... August 4, 1987
1988 National Science Foundation authorization hearings before the Subcommittee on Science, Research, and Technology of the Committee on Science, Space, and Technology, House of Representatives, One Hundredth Congress, first session, February 19, 25; March 11, 24, 1987
1988 National Bureau of Standards authorization hearing before the Subcommittee on Science, Research, and Technology of the Committee on Science, Space, and Technology, House of Representatives, One hundredth Congress, first session, March 3, 1987
1988 NASA authorization hearings before the Subcommittee on Transportation, Aviation, and Materials of the Committee on Science, Space, and Technology, House of Representatives, One hundredth Congress, first session
The 1988 economic report of the President hearings before the Joint Economic Committee, Congress of the United States, One Hundredth Congress, second session, January 21 and 22, February 19, and March 9 and 15, 1988
1987 western forest fires oversight hearing before the Subcommittee on National Parks and Public Lands of the Committee on Interior and Insular Affairs, House of Representatives, One Hundredth Congress, first session ... hearing held in Washington, DC, October 15, 1987
1987 oversight hearing on the National Labor Relations Board hearing before a subcommittee of the Committee on Government Operations, House of Representatives, One hundredth Congress, first session, July 21, 1987
1987 National Science Foundation authorization hearings before the Subcommittee on Science, Research, and Technology of the Committee on Science and Technology, House of Representatives, Ninety-ninth Congress, second session, on H.R. 4184, February 20, 25, and 26, 1986
1987 National Bureau of Standards authorization hearings before the Subcommittee on Science, Research, and Technology of the Committee on Science and Technology, U.S. House of Representatives, Ninety-ninth Congress, second session, March 5, 11, 13, 1986
1987 NASA authorization hearing before the Subcommittee on Transportation, Aviation, and Materials of the Committee on Science and Technology, U.S. House of Representatives, Ninety-ninth Congress, second session
1987 Medicare budget issues hearing before the Subcommittee on Health of the Committee on Ways and Means, House of Representatives, Ninety-ninth Congress, second session, March 6, 1986
The 1987 economic report of the President hearings before the Joint Economic Committee, Congress of the United States, One Hundredth Congress, first session, January 22, 23, 29, and 30, and February 2 and 12, 1987
1987 Bureau of Mines authorization and oversight hearing before the Subcommittee on Transportation, Aviation, and Materials of the Committee on Science and Technology, House of Representatives, Ninety-ninth Congress, second session, April 30, 1986
1986 United States-Canada memorandum of understanding on softwood lumber hearing before the Subcommittee on Regulation, Business Opportunities, and Energy of the Committee on Small Business, House of Representatives, One Hundred Second Congress, first session, Washington, DC, February 22, 1991
1986 tax filing season hearing before the Subcommittee on Oversight of the Committee on Ways and Means, House of Representatives, Ninety-ninth Congress, second session, March 4, 1986
1986 science and technology posture hearing with the Director of the Office of Science and Technology Policy hearing before the Committee on Science and Technology, U.S. House of Representatives, Ninety-ninth Congress, second session, February 6, 1986
1986 National Science Foundation authorization hearings before the Subcommittee on Science, Research, and Technology of the Committee on Science and Technology, House of Representatives, Ninety-ninth Congress, first session, on H.R. 1210, February 6, 20, 21, 1985
1986 National Bureau of Standards authorization hearings before the Subcommittee on Science, Research, and Technology of the Committee on Science and Technology, House of Representatives, Ninety-ninth Congress, first session, February 26, 28; March 6, 1985
1986 NASA authorization hearings before the Subcommittee on Transportation, Aviation, and Materials of the Committee on Science and Technology, U.S. House of Representatives, Ninety-ninth Congress, first session
1986 medicare budget issues hearings before the Subcommittee on Health of the Committee on Ways and Means, House of Representatives, Ninety-ninth Congress, first session, April 1, 15, and 16, 1985
The 1986 economic report of the President hearings before the Joint Economic Committee, Congress of the United States, Ninety-ninth Congress, second session, February 6 and 20, 1986
The 1986 Drug Bill one year later : hearing before the Caucus on International Narcotics Control of the United States Senate, One Hundredth Congress, first session on the 1986 Drug Bill, what it has accomplished and what it has failed to accomplish, December 2, 1987
1986 drought in the southeast United States hearing before the Subcommittee on Natural Resources, Agriculture Research, and Environment of the Committee on Science and Technology, U.S. House of Representatives, Ninety-ninth Congress, second session, September 29, 1986
1985 tax reform hearing before the Committee on Finance, United States Senate, Ninety-ninth Congress, first session, on S. 409, S. 411, and S. 1006, May 9, 1985
1985 science and technology posture hearing with the Director of the Office of Science and Technology Policy hearing before the Committee on Science and Technology, U.S. House of Representatives, Ninety-ninth Congress, second session, February 5, 1985
1985 recommended Renewable Resources Program and the President's Statement of Policy hearing before the Subcommittee on Forests, Family Farms, and Energy of the Committee on Agriculture, House of Representatives, One Hundredth Congress, first session, April 8, 1987
The 1985 pretest census hearing before the Subcommittee on Census and Population of the Committee on Post Office and Civil Service, House of Representatives, Ninety-eighth Congress, second session, June 26, 1984
1985 omnibus territories legislation hearing before the Committee on Energy and Natural Resources, United States Senate, Ninety-ninth Congress, first session, on S. 1441 ... S.J. Res. 192 ... H.R. 2478 ... December 3, 1985
1985 National Science Foundation authorization hearings before the Subcommittee on Science, Research, and Technology of the Committee on Science and Technology, U.S. House of Representatives, Ninety-eighth Congress, second session, on H.R. 4974, February 3, 9, 28, 29; March 21, 1984
1985 National Bureau of Standards authorization hearings before the Subcommittee on Science, Research, and Technology of the Committee on Science and Technology, House of Representatives, Ninety-eighth Congress, second session, February 2, 7, 1984
1985 NASA authorization hearing before the Subcommittee on Transportation, Aviation, and Materials of the Committee on Science and Technology, U.S. House of Representatives, Ninety-eighth Congress, second session
1985 miscellaneous tax bills--I hearing before the Subcommittee on Taxation and Debt Management of the Committee on Finance, United States Senate, Ninety-ninth Congress, first session, on S. 203 and S. 205, June 24, 1985
The 1985 farm bill revisited competing views : hearing before the Committee on Agriculture, Nutrition, and Forestry, United States Senate, One hundredth Congress, first session, March 18, 1987
The 1985 economic report of the President hearings before the Joint Economic Committee, Congress of the United States, Ninety-ninth Congress, first session, February 5, 7, 20, 26, and 28, 1985
1984, civil liberties and the national security state hearings before the Subcommittee on Courts, Civil Liberties, and the Administration of Justice of the Committee on the Judiciary, House of Representatives, Ninety-eighth Congress, first and second sessions ... November 2, 3, 1983 and January 24, April 5, and September 26, 1984
1984 summer Olympics hearing before the Subcommittee on Commerce, Transportation, and Tourism of the Committee on Energy and Commerce, House of Representatives, Ninety-eighth Congress, first session, September 27, 1983
1984 summer Olympic games hearings before the Subcommittee on International Organizations of the Committee on International Relations, House of Representatives, Ninety-fifth Congress, first session, on H. Con. Res. 318, September 23 and 29, 1977
1984 science and technology posture hearing with the Director of the Office of Science and Technology Policy hearing before the Committee on Science and Technology, U.S. House of Representatives, Ninety-eighth Congress, second session, February 1, 1984
1984 omnibus territories hearing before the Subcommittee on Energy Conservation and Supply of the Committee on Energy and Natural Resources, United States Senate, Ninety-eighth Congress, second session, on H.R. 5561 ... July 26, 1984
1984 National Science Foundation authorization hearings before the Subcommittee on Science, Research, and Technology of the Committee on Science and Technology, U.S. House of Representatives, Ninety-eighth Congress, first session, on H.R. 2066, February 23, 25; March 1, 8, 10, 1983
1984 National Bureau of Standards authorization hearings before the Subcommittee on Science, Research, and Technology of the Committee on Science and Technology, U.S. House of Representatives, Ninety-eighth Congress, first session, March 22 and 23, 1983
1984 NASA authorization hearing before the Subcommittee on Transportation, Aviation, and Materials of the Committee on Science and Technology, U.S. House of Representatives, Ninety-eighth Congress, first session
The 1984 midyear economic outlook hearings before the Joint Economic Committee, Congress of the United States, Ninety-eighth Congress, second session, July 30 and August 2, 3, and 8, 1984
1984 FAA R&D authorization hearing before the Subcommittee on Transportation, Aviation, and Materials of the Committee on Science and Technology, U.S. House of Representatives, Ninety-eighth Congress, first session, March 22, 1983
The 1984 economic report of the President hearings before the Joint Economic Committee, Congress of the United States, Ninety-eighth Congress, second session
1984 DOE authorization (transportation programs) hearings before the Subcommittee on Transportation, Aviation, and Materials of the Committee on Science and Technology, U.S. House of Representatives, Ninety-eighth Congress, first session, February 23, 24, 1983
The 1984 anniversary of the Constitution hearing before the Subcommittee on the Constitution of the Committee on the Judiciary, United States Senate, Ninety-eighth Congress, second session, on the doctrine of federalism within the Constitution, September 17, 1984
1983-84 miscellaneous tax bills--VII, S. 120, S. 1397, S. 1584, S. 1814, S. 1815, and S. 1826 hearing before the Subcommittee on Taxation and Debt Management of the Committee on Finance, United States Senate, Ninety-eighth Congress, first session, on S. 120, S. 1397, S. 1584, S. 1814, S. 1815, and S. 1826, September 26, 1983
1983-84 miscellaneous tax bills--VI, S. 1066, S. 1550, S. 1557, and S. 1666 joint hearing before the Subcommittee on Savings, Pensions, and Investment Policy and Subcommittee on Taxation and Debt Management of the Committee on Finance, United States Senate, Ninety-eighth Congress, first session, on S. 1066, S. 1550, S. 1557, and S. 1666, September 19, 1983
1983-84 miscellaneous tax bills--V S. 927, S. 1183, and H.R. 2163 : hearing before the Subcommittee on Taxation and Debt Management of the Committee on Finance, United States Senate, Ninety-eighth Congress, first session, on S. 927, S. 1183 and H.R. 2163, August 3, 1983
1983-84 miscellaneous tax bills--IX, S. 146, S. 1332, S. 1768, S. 1809, and S. 2080 hearing before the Subcommittee on Taxation and Debt Management of the Committee on Finance, United States Senate, Ninety-eighth Congress, second session ... March 16, 1984
1983-84 miscellaneous tax bills--IV, S. 108, S. 1464, S. 1549, S. 1579, and S. 1600 hearing before the Subcommittee on Taxation and Debt Management of the Committee on Finance, United States Senate, Ninety-eighth Congress, first session, on S. 108, S. 1464, S. 1549, S. 1579, and S. 1600, August 1, 1983
1983-84 miscellaneous tax bills--I hearing before the Subcommittee on Taxation and Debt Management of the Committee on Finance, United States Senate, Ninety-eighth Congress, first session, on S. 249 and S. 825, April 29, 1983
1983-84 miscellaneous tax bills, VIII S. 499, S. 831, S. 842, S. 1231, S. 1807, and S. 1914 : hearing before the Subcommittee on Taxation and Debt Management of the Committee on Finance, United States Senate, Ninety-eighth Congress, first session, on S. 499, S. 831, S. 842, S. 1231, S. 1807, and S. 1914, October 28, 1983
1983-84 miscellaneous tax bills, III, S. 562 and S. 1161 hearing before the Subcommittee on Taxation and Debt Management of the Committee on Finance, United States Senate, Ninety-eighth Congress, first session, on S. 562 and S. 1161, June 7, 1983
1983-84 miscellaneous tax bills, II hearing before the Subcommittee on Taxation and Debt Management of the Committee on Finance, United States Senate, Ninety-eighth Congress, first session, on S. 654, S. 738, S. 1147, S. 1194, and S. 1195, May 27, 1983
1983 science and technology posture hearing with director Office of Science and Technology Policy hearing before the Committee on Science and Technology, U.S. House of Representatives, Ninety-eighth Congress, first session, February 3, 1983
1983 reauthorization of the State and Local Fiscal Assistance Act of 1972, as amended hearings before a subcommittee of the Committee on Government Operations, House of Representatives, Ninety-eighth Congress, first session, on H.R. 1930 ... March 15, 16, 17, 25, 28, 30, and April 4, 1983
1983 omnibus territories hearing before the Subcommittee on Energy Conservation and Supply of the Committee on Energy and Natural Resources, United States Senate, Ninety-eighth Congress, first session, on S. 1366 ... S. 1367 ... October 6, 1983
1983 National Science Foundation authorization hearings before the Subcommittee on Science, Research, and Technology of the Committee on Science and Technology, U.S. House of Representatives, Ninety-seventh Congress, second session on H.R. 5842, February 23, 25, March 4, 1982
1983 National Bureau of Standards authorization hearings before the Subcommittee on Science, Research, and Technology of the Committee on Science and Technology, U.S. House of Representatives, Ninety-seventh Congress, second session, February 9, 10, 1982
1983 FAA R. & D. authorization hearings before the Subcommittee on Transportation, Aviation, and Materials of the Committee on Science and Technology, U.S. House of Representatives, Ninety-seventh Congress, second session, February 23, 24, 1982
The 1983 economic report of the President hearings before the Joint Economic Committee, Congress of the United States, Ninety-eighth Congress, first session
1983 DOE authorization (transportation programs) : hearings before the Subcommittee on Transportation, Aviation, and Materials of the Committee on Science and Technology, U.S. House of Representatives, Ninety-seventh Congress, second session, March 2, 3, 1982
1983 budget request of the Small Business Administration hearing before the Subcommittee on SBA and SBIC Authority, Minority Enterprise and General Small Business Problems of the Committee on Small Business, House of Representatives, Ninety-seventh Congress, second session, Washington, D.C., February 25, 1982
1982 omnibus territories hearing before the Committee on Energy and Natural Resources, United States Senate, Ninety-seventh Congress, second session, on S. 2088 ... S. 2089 ... S. 2090 ... S. 2632 ... S. 2633 ... S. 2729 ... S. 2888 ... September 13, 1982
1982 NASA authorization (program review) hearing before the Subcommittee on Transportation, Aviation, and Communications of the Committee on Science and Technology, U.S. House of Representatives, Ninety-sixth Congress, second session and Ninety-seventh Congress, first session
1982 legislative program of the Disabled American Veterans hearing before the Committee on Veterans' Affairs, House of Representatives, Ninety-seventh Congress, second session, February 23, 1982
1982 FAA R. & D. authorization (program review) hearing before the Subcommittee on Transportation, Aviation, and Communications of the Committee on Science and Technology, U.S. House of Representatives, Ninety-sixth Congress, second session, September 18, 1980
The 1982 economic report of the president hearings before the Joint Economic Committee, Congress of the United States, Ninety-seventh Congress, second session
1982 DOE authorization (program review) hearing before the Subcommittee on Transportation, Aviation and Communications of the Committee on Science and Technology, U.S. House of Representatives, Ninety-sixth Congress, second session, September 30, 1980
1981-82 miscellaneous tax bills, XVIII hearing before the Subcommittee on Taxation and Debt Management of the Committee on Finance, United States Senate, Ninety-seventh Congress, second session, on S. 2647, S. 2987, S. 3064, December 10, 1982
1981-82 miscellaneous tax bills, XVII hearing before the Subcommittee on Taxation and Debt Management of the Committee on Finance, United States Senate, Ninety-seventh Congress, second session, on S. 232 and S. 2741, September 23, 1982
1981-82 miscellaneous tax bills, XVI hearing before the Subcommittee on Taxation and Debt Management of the Committee on Finance, United States Senate, Ninety-seventh Congress, second session, on S. 1298, S. 2197, and S. 2498, July 19, 1982
1981-82 miscellaneous tax bills, XV hearing before the Subcommittee on Taxation and Debt Management of the Committee on Finance, United States Senate, Ninety-seventh Congress, second session, on S. 1485, S. 2075, S. 2424, and S. 2425, May 21, 1982
1981-82 miscellaneous tax bills, XIV hearing before the Subcommittee on Taxation and Debt Management of the Committee on Finance, United States Senate, Ninety-seventh Congress, second session, on S. 473, S. 474, S. 710, S. 1854, and S. 1923, April 23, 1982
1981-82 miscellaneous tax bills, XI hearing before the Subcommittee on Taxation and Debt Management of the Committee on Finance, United States Senate, Ninety-seventh Congress, first session, S. 1035, S. 1595, and S. 1745, October 30, 1981
1981-82 miscellaneous tax bills, X hearing before the Subcommittee on Taxation and Debt Management of the Committee on Finance, United States Senate, Ninety-seventh Congress, first session, on S. 425, S. 608, S. 1348, S. 1479, S. 1580, and S. 1656, October 16, 1981
1981-82 miscellaneous tax bills XIII hearing before the Subcommittee on Taxation and Debt Management of the Committee on Finance, United States Senate, Ninety-seventh Congress, first session, on S. 696, S. 1757, and S. 1883, December 11, 1981
1981-82 miscellaneous tax bills IX hearing before the Subcommittee on Taxation and Debt Management of the Committee on Finance, United States Senate, Ninety-seventh Congress, first session, on S. 578, S. 768, S. 1276, S. 1472, September 25, 1981
1981-1982 miscellaneous tax bills, XII hearing before the Subcommittee on Taxation and Debt Management of the Committee on Finance, United States Senate, Ninety-seventh Congress, first session, on S. 1081. S. 1594, S. 1749, and S. 1764, November 6, 1981
1981 omnibus territories hearing before the Committee on Energy and Natural Resources, United States Senate, Ninety-seventh Congress, first session, on S. 1674 ... October 21, 1981
1981 NOAA authorization hearings before the Subcommittee on Natural Resources and Environment of the Committee on Science and Technology, U.S. House of Representatives, Ninety-sixth Congress, second session, February 25, 26, 27, 1980
1981 National Science Foundation authorization hearings before the Subcommittee on Science, Research, and Technology of the Committee on Science and Technology, U.S. House of Representatives, Ninety-sixth Congress, second session, on H.R. 6728 (superseded by H.R. 7115)
1981 National Bureau of Standards authorization hearings before the Subcommittee on Science, Research, and Technology of the Committee on Science and Technology, U.S. House of Representatives, Ninety-sixth Congress, second session
1981 NASA authorization index for hearings before the Committee on Science and Technology, U.S. House of Representatives, Ninety-sixth Congress, second session, on H.R. 6413, for volumes 1-5
1981 NASA authorization hearings before the Subcommittee on Space Science and Applications of the Committee on Science and Technology, U.S. House of Representatives, Ninety-sixth Congress, first session
1981 farm legislation hearings before the Committee on Agriculture, Nutrition, and Forestry, United States Senate, Ninety-sixth Congress, second session, August 28, 29, and 30, 1980, St. Paul, Minn
1981 DOE authorization, environment programs hearings before the Subcommittee on Natural Resources and Environment of the Committee on Science and Technology, U.S. House of Representatives, Ninety-sixth Congress, second session, February 5, 6, 1980
1981 DOE authorization program review : hearings before the Subcommittee on Transportation, Aviation, and Communications of the Committee on Science and Technology, U.S. House of Representatives, Ninety-sixth Congress, first session, October 10, 11, 1979
1981 DOE authorization hearings before the Subcommittee on Transportation, Aviation, and Communications of the Committee on Science and Technology, U.S. House of Representatives, Ninety-sixth Congress, second session, February 12, 13, 1980
1981 DOE authorization hearing before the Committee on Science and Technology, U.S. House of Representatives, Ninety-sixth Congress, second session
1981 authorization for the Office of Research and Development, Environmental Protection Agency hearings before the Subcommittee on Natural Resources and Environment of the Committee on Science and Technology, U.S. House of Representatives, Ninety-sixth Congress, second session, February 19 and 20, 1980
1980--the tragedy in Indochina continues war, refugees, and famine : hearings before the Subcommittee on Asian and Pacific Affairs of the Committee on Foreign Affairs, House of Representatives, Ninety-sixth Congress, second session, February 11, May 1, 6, and July 29, 1980
1980 winter Olympic games hearings before the Subcommittee on Transportation and Commerce of the Committee on Interstate and Foreign Commerce, House of Representatives, Ninety-fourth Congress, second session, on H.R. 8906 ... March 3 and 4, 1976
1980 wheat and feed grains programs hearings before the Subcommittee on Livestock and Grains of the Committee on Agriculture, House of Representatives, Ninety-sixth Congress, second session
1980 support price for peanuts hearings before the Subcommittee on Oilseeds and Rice of the Committee on Agriculture, House of Representatives, Ninety-sixth Congress, second session, January 30, 1980
1980 summer Olympics boycott hearing before the Committee on Foreign Relations, United States Senate, Ninety-Sixth Congress, second session ... January 28, 1980
1980 standby gasoline rationing plan hearings before the Subcommittee on Energy and Power of the Committee on Interstate and Foreign Commerce, House of Representatives, Ninety-sixth Congress, second session on H.J. Res. 575, H.J. Res. 571, H.J. Res. 574, and H.J. Res 577 ... January 31, June 23 and 27, 1980
1980 RPA program and policy statement hearing before the Subcommittee on Forests of the Committee on Agriculture, House of Representatives, Ninety-sixth Congress, second session, November 20, 1980
1980 National Science Foundation authorization hearings before the Subcommittee on Science, Research, and Technology of the Committee on Science and Technology, U.S. House of Representatives, Ninety-sixth Congress, first session, on H.R. 2276 (superseded by H.R. 2729)
1980 NASA authorization index for hearings before the Committee on Science and Technology, U.S. House of Representatives, Ninety-sixth Congress, first session, on H.R. 1786, for vol. I, parts 1, 2, 3, 4, vol. II, parts 1, 2
1980 NASA authorization hearings before the Subcommittee on Space Science and Applications of the Committee on Science and Technology, U.S. House of Representatives, Ninety-fifth Congress, second session [-ninety-sixth Congress, first session]
The 1980 midyear review of the economy hearings before the Joint Economic Committee, Congress of the United States, Ninety-sixth Congress, second session, July 23 and August 1, 1980
The 1980 Geneva session and status of the negotiations on the Law of the Sea hearing before the Committee on Foreign Affairs, House of Representatives, Ninety-sixth Congress, second session, October 1, 1980
1980 FAA R. & D. authorization hearings before the Subcommittee on Transportation, Aviation, and Weather of the Committee on Science and Technology, U.S. House of Representatives, Ninety-fifth Congress, second session
1980 FAA R. & D. authorization hearing before the Subcommittee on Transportation, Aviation, and Communication[s] of the Committee on Science and Technology, U.S. House of Representatives, Ninety-sixth Congress, first session
The 1980 economic report of the President hearings before the Joint Economic Committee, Congress of the United States, Ninety-sixth Congress, second session
1980 Department of Energy authorization hearing before the Committee on Science and Technology, U.S. House of Representatives, Ninety-sixth Congress, first session
1980 Department of Energy Authorization hearing before the Committee on Science and Technology, U.S. House of Representatives, Ninety-sixth Congress, first session
1980 decennial census hearings before the Subcommittee on Energy, Nuclear Proliferation, and Federal Services of the Committee on Governmental Affairs, United States Senate, Ninety-sixth Congress, first session ... February 27 and March 1, 1979
1980 census hearings before the Subcommittee on Census and Population of the Committee on Post Office and Civil Service, House of Representatives, Ninety-fourth Congress, second session, June 1 and 2, 1976
1980 census hearings before the Subcommittee on Census and Population of the Committee on Post Office and Civil Service, House of Representatives, Ninety-fifth Congress, first session, June 9, 10, and 24, 1977
1980 census counting illegal aliens : hearing before the Subcommittee on Energy, Nuclear Proliferation, and Federal Services of the Committee on Governmental Affairs, United States Senate, Ninety-sixth Congress, second session, on S. 2366 ... March 26, 1980
1980 budgets of the Federal bank regulatory agencies hearing before the Committee on Banking, Housing, and Urban Affairs, United States Senate, Ninety-sixth Congress, first session ... January 25, 1980
1980 authorization for the Office of Research and Development, Environmental Protection Agency hearings before the Subcommittee on Natural Resources and Environment of the Committee on Science and Technology, U.S. House of Representatives, Ninety-sixth Congress, first session, February 13 and 15, 1979
1979--tragedy in Indochina, war, refugees, and famine hearings before the Subcommittee on Asian and Pacific Affairs of the Committee on Foreign Affairs, House of Representatives, Ninety-sixth Congress, first session
1979 World Administrative Radio Conference--oversight hearing before the Subcommittee on Communications of the Committee on Interstate and Foreign Commerce, House of Representatives, Ninety-sixth Congress, first session ... April 4, 1979
1979 peanut program regulations hearing before the Subcommittee on Oilseeds and Rice of the Committee on Agriculture, House of Representatives, Ninety-sixth Congress, first session, May 23, 1979
1979 National Science Foundation authorization hearings before the Subcommittee on Science, Research, and Technology of the Committee on Science and Technology, U.S. House of Representatives, Ninety-fifth Congress, second session, on H.R. 10686, superseded by H.R. 11400
1979 NASA authorization index for hearings before the Committee on Science and Technology, U.S. House of Representatives, Ninety-fifth Congress, second session, on H.R. 10664 (superseded by H.R. 11401)
1979 NASA authorization (program review) hearings before the Subcommittee on Space Science and Applications of the Committee on Science and Technology, U.S. House of Representatives, Ninety-fifth Congress, first and second sessions
The 1979 midyear review of the economy hearings before the Joint Economic Committee, Congress of the United States, Ninety-sixth Congress, first session
1979 FAA R. & D. authorization hearings before the Subcommittee on Transportation, Aviation, and Weather of the Committee on Science and Technology, U.S. House of Representatives, Ninety-fifth Congress, first and second sessions
The 1979 economic report of the President hearings before the Joint Economic Committee, Congress of the United States, Ninety-sixth Congress, first session
1979 Department of Energy authorization hearing before the Committee on Science and Technology, U.S. House of Representatives, Ninety-fifth Congress, second session
1979 budgets of bank regulatory agencies hearing before the Committee on Banking, Housing, and Urban Affairs, United States Senate, Ninety-sixth Congress, first session ... January 26, 1979
1979 authorization for the Office of Research and Development, Environmental Protection Agency hearings before the Subcommittee on the Environment and the Atmosphere of the Committee on Science and Technology, U.S. House of Representatives, Ninety-fifth Congress, second session, February 7, 8, and 9, 1978
1978 peanut program hearings before the Subcommittee on Oilseeds and Rice of the Committee on Agriculture, House of Representatives, Ninety-fifth Congress, second session, November 9, 1978, Elizabethtown, N.C., November 14, 1978, Durant, Okla., November 15, 1978, Tifton, Ga
1978 National Science Foundation authorization hearings before the Subcommittee on Science, Research, and Technology of the Committee on Science and Technology, U.S. House of Representatives, Ninety-fifth Congress, first session, on H.R. 3607 (superseded by H.R. 4991)
1978 NASA authorization index for hearings before the Committee on Science and Technology, U.S. House of Representatives, Ninety-fifth Congress, first session, on H.R. 2221 (superseded by H.R. 4088)
1978 NASA authorization hearings before the Subcommittee on Space Science and Applications of the Committee on Science and Technology, U.S. House of Representatives, Ninety-fourth Congress, second session, and Ninety-fifth Congress, first session, on H.R. 2221
The 1978 midyear review of the economy hearings before the Joint Economic Committee, Congress of the United States, Ninety-fifth Congress, second session
1978 IMCO protocols hearing before the Committee on Commerce, Science, and Transportation, United States Senate, Ninety-fifth, second session ... April 5, 1978
1978 FAA R. & D. authorization hearings before the Subcommittee on Aviation and Transportation R. & D. of the Committee on Science and Technology, U.S. House of Representatives, Ninety-fourth Congress, second session and Ninety-fifth Congress, first session
1978 ERDA authorization hearings before the Subcommittee on Advanced Energy Technologies and Energy Conservation Research, Development, and Demonstration of the Committee on Science and Technology, U.S. House of Representatives, Ninety-fifth Congress, first session
1978 ERDA authorization hearing before the Committee on Science and Technology, U.S. House of Representatives, Ninety-fifth Congress, first session
$20,000,000 of Appropriation for Medical Care for Veterans hearings before the United States House Committee on Veterans Affairs, Eightieth Congress, second session, on Feb. 2, 17, 1948
$20 Tax Credit hearings before the United States Senate Committee on Finance, Eighty-Fourth Congress, first session, on Feb. 28, Mar. 1, 1955
Zero tolerance drug policy and confiscation of property hearing before the Subcommittee on Coast Guard and Navigation of the Committee on Merchant Marine and Fisheries, House of Representatives, One Hundredth Congress, second session ... May 26, 1988
Yellow rain hearing before the Subcommittee on Arms Control, Oceans, International Operations, and Environment of the Committee on Foreign Relations, United States Senate, Ninety-seventh Congress, first session, on yellow rain and other forms of chemical and biological warfare in Asia, November 10, 1981
Window dressing in bank reports
Windfall or excess profits tax hearings, Ninety-third Congress, second session
Who is us?--national interests in an age of global industry hearings before the Joint Economic Committee, Congress of the United States, One Hundred First Congress, second session, September 5 and 13, 1990
When are the savings and loan crooks going to jail? hearing before the Subcommittee on Financial Institutions Supervision, Regulation and Insurance of the Committee on Banking, Finance and Urban Affairs, House of Representatives, One Hundred First Congress, second session, June 28, 1990
Warranties consideration of section 794 of the Department of Defense Appropriations Act for fiscal year 1984 joint hearing before the Procurement and Military Nuclear Systems Subcommittee and the Investigations Subcommittee of the Committee on Armed Services, House of Representatives, Ninety-eighth Congress, second session, April 25, 1984
United Front technique of the Southern California District of the Communist Party
United Front Technique of the Southern California District of the Communist Party hearings before the United States House Committee on Un-American Activities, Eighty-Seventh Congress, second session, on April 24-27, 1962
To expand the nation's knowledge and understanding of aging has the Older Americans Act fulfilled its promise? : hearing before the Subcommittee on Human Services of the Select Committee on Aging, House of Representatives, One Hundred First Congress, second session, September 11, 1990
Titanic Disaster hearings before the United States Senate Committee on Commerce, Sixty-Second Congress, second session, on Apr. 19, 20, 22-27, 29, 30, May 1-4, 9, 16, 18, 25, 1912
Temporary Government for West Indian Islands (Virgin Islands) hearings before the United States House Committee on Naval Affairs, Sixty-Sixth Congress, second session, on Mar. 9, 1920
Teaming with Wildlife initiative oversight hearing before the Subcommittee on Fisheries, Wildlife, and Oceans of the Committee on Resources, House of Representatives, One Hundred Fourth Congress, second session, on the Fish and Wildlife Service diversity funding initiative ... June 6, 1996--Washington, DC
Tax home of state legislators and deductibility of expenses allocated to use of dwelling to provide day care services hearing before the Committee on Ways and Means, House of Representatives, Ninety-fifth Congress, first session ... March 28, 1977
Suspend and review program of the General Services Administration's real estate projects; and GSA's plans for changes in real property services as indicated in the National Performance Review hearing before the Subcommittee on Public Buildings and Grounds of the Committee on Public Works and Transportation, House of Representatives, One Hundred Third Congress, first session, November 4, 1993
Sunset legislation hearing before a subcommittee of the Committee on Government Operations, House of Representative, Ninety-fifth Congress, first session, on H.R. 1756 and related bills ... October 17, 1977
Star schools--telecommunications in education hearings before the Committee on Labor and Human Resources, United States Senate, One hundredth Congress, first session ... February 27, 1987, Charlestown, MA, March 11, 1987, Washington, DC
Show me what you know exploring student representations across STEM disciplines
Seeing-Eye Dogs hearings before the United States House Committee on Interstate and Foreign Commerce, Seventy-Fifth Congress, first session, on May 12, 1937
See the United States
Secondary Meaning Right Attaching After Expiration of Copyright hearings before the United States House Committee on Patents, Sixty-Third Congress, second session, on Sept. 16, 1914
Secondary Meaning Right Attaching After Expiration of Copyright hearings before the United States House Committee on Patents, Sixty-Third Congress, second session, on May 27, June 5, 30, 1914
Save Your Vision Week
Saturday night special handguns, S. 2507 hearings, Ninety-second Congress, first session, pursuant to S. Res. 32, section 12
Salute to Eisenhower Week
Right to peace resolution hearing, Ninety-third Congress, second session, on H. Con. Res. 417 and 418. March 13, 1974
Renegotiable rate mortgage proposals of Federal Home Loan Bank Board hearings before a subcommittee of the Committee on Government Operations, House of Representatives, Ninety-sixth Congress, second session, March 26 and 27, 1980
Quo Vadis? Whither America?
Pour Over trusts in the District of Columbia
Pension losers hearing before the Subcommittee on Labor-Management Relations of the Committee on Education and Labor, House of Representatives, Ninety-eighth Congress, second session, H.R. 3218 ... held in Washington, DC, on September 20, 1984
Other people's diasporas negotiating race in contemporary Irish and Irish American culture
Options for conducting a pay equity study of federal pay and classification systems--report of the General Accounting Office hearings before the Subcommittee on Civil Service, Post Office, and General Services of the Committee on Governmental Affairs, United States Senate, Ninety-ninth Congress, first session, May 22, 23, and July 24, 25, 1985
Nutrasweet--health and safety concerns hearing before the Committee on Labor and Human Resources, United States Senate, One Hundredth Congress, first session, on examining the health and safety concerns of Nutrasweet (Aspartame), November 3, 1987
National Council Conference hearings before the United States Senate Committee on Manufactures, Seventy-Fifth Congress, third session, on May 25, 1938
National Blood Donor Month
Morro Castle and Mohawk investigations
Money's worth of social security hearing before the Committee on Finance, United States Senate, One Hundred Third Congress, first session, March 11, 1993
Men at work signs of trouble for young men today : hearing before the Joint Economic Committee, Congress of the United States, One Hundred Second Congress, second session, September 4, 1992
Man-in-the-plant, FDA's failure to regulate deceptive drug labeling hearings before the Subcommittee on Oversight and Investigations of the Committee on Interstate and Foreign Commerce, House of Representatives, Ninety-fifth Congress, second session, September 8 and 12, 1978
Man-in-the-plant revisited, a deceptive drug labeling practice continues hearing before the Subcommittee on Oversight and Investigations of the Committee on Interstate and Foreign Committee, House of Representatives, Ninety-sixth Congress, second session, March 6, 1980
Live sighting reports of Americans listed as missing in action in Southeast Asia hearings before the Committee on Veterans' Affairs, United States Senate, Ninety-ninth Congress, second session
Lieber Ernesto, lass Dich umarmen die Korrespondenz zwischen Heinar Kipphardt und Ernst Busch
Legionnaires' disease hearings before the Subcommittee on Consumer Protection and Finance of the Committee on Interstate and Foreign Commerce, House of Representatives, Ninety-fourth Congress, second session, for the purpose of discussing the causative factors of the Legionnaires' disease, November 23 and 24, 1976
Intellectual Freedom -- Red China Style (Testimony of Chi-Chou Huang) hearings before the United States House Committee on Un-American Activities, Eighty-Seventh Congress, second session, on May 24, 25, 1962
Ich lebe in der Apokalypse Briefe an die Eltern, 1917-1945
Hurry-up spending hearing before the Subcommittee on Oversight of Government Management of the Committee on Governmental Affairs, United States Senate, Ninety-sixth Congress, first session
Gross-Up in Connection with Foreign Tax Credit Allowed Domestic Corporations on Dividends from a Foreign Subsidiary hearings before the United States House Committee on Ways and Means, Eighty-Sixth Congress, second session, on Apr. 11, 1960
Government in the sunshine hearings before a subcommittee of the Committee on Government Operations, House of Representatives, Ninety-fourth Congress, first session, on H.R. 10315 and H.R. 9869 ... November 6 and 12, 1975
Gladiator Cotton Claims hearings before the United States House Committee on War Claims, Sixty-Third Congress, second session, on Feb. 28, 1914
Gas bubble and the Department of Energy's Oil-to-Gas Fuel Switching Program hearing before the Subcommittee on Oversight and Investigations of the Committee on Interstate and Foreign Commerce, House of Representatives, Ninety-sixth Congress, first session, March 27, 1979
Full-Crew Law hearings before the United States House Committee on Interstate and Foreign Commerce, Sixty-Second Congress, second session, on June 8, 1912
Fred C. Ainsworth Endowment Library at Walter Reed General Hospital
Dividing the realm in order to govern the spatial organization of the Song state (960-1276 CE)
Discussion draft relating to estate valuation freezes hearing before the Committee on Ways and Means, House of Representatives, One Hundred First Congress, second session, April 24, 1990
Dedication, discipline, duty the Republican Report of Senator Everett McKinley Dirksen of Illinois, minority leader for the second session, Ninetieth Congress
Day of recognition for firefighters
Day of Bread and Harvest Festival
Crack cocaine hearing before the Permanent Subcommittee on Investigations of the Committee on Governmental Affairs, United States Senate, Ninety-ninth Congress, second session, July 15, 1986
Constitution Day
Clear-cutting practices on national timberlands hearings, Ninety-second Congress, first session
Children and families in poverty beyond the statistics : hearing before the Select Committee on Children, Youth, and Families, House of Representatives, Ninety-ninth Congress, first session, hearing held in Washington, DC, November 6, 1985
Blue-Sky' Bill, To Regulate the Sale or Disposition of Securities Through the U.S. Mails or Other Agencies of Interstate Commerce and Providing Penalties for the Violation Thereof. hearings before the United States House Committee on Interstate and Foreign Commerce, Sixty-Seventh Congress, first session, on June 23, July 7, 8, 1921
Blue-Sky Bill hearings before the United States House Committee on Interstate and Foreign Commerce, Sixty-Seventh Congress, second session, on Feb. 15-18, 20, 1922
Black Monday, the stock market crash of October 19, 1987 hearings before the Committee on Banking, Housing, and Urban Affairs, United States Senate, One Hundredth Congress, second session ... February 2, 3, 4, and 5, 1988
Billions of federal tax dollars misspent on New York's Medicaid program
Behind-the-pipe natural gas reserves hearings before the Subcommittee on Oversight and Investigations, of the Committee on Interstate and Foreign Commerce, House of Representatives, Ninety-fifth Congress, first session ... February 22 and 23, 1977
Algonquin and Onondaga