"id","name"
"2ff2a0ca-acba-5ffe-8c62-e26fe361f08c","EWAN"
"f4d04b6d-08e7-53f2-b1d8-b49c4028bd33","graham"
"3cac3a12-96c1-48a8-a1d1-bc68b1d928ab","Yetrina"
"1b582c65-d2eb-5f4d-bfee-da557643738b","Declan"
"32912625-41e4-5dfe-9dc0-e213125d9177","Robyn"
"10b274d1-b710-403c-b94e-051b3ed738e8","Susan"
"5ca0ef26-de2e-5ead-8895-938074d507c6","John"
"9cf4f3c7-395a-526e-a4a1-daa68c8abe06","Marko"
"fdbdd696-bdf8-5724-b760-dafd3f8e6d0c","Wendy"
"09770eb5-a15e-48ed-adfc-55ca7e71b2a4","Terence"
"b9443599-8882-58a8-aafd-6f46ddb64b7c","Mareike"
"2a173e5c-a1ab-5f09-9d1e-68d0866c0b16","Ann"
"e9d803b0-be5f-51ad-a2e7-5919ba0f04c8","Seb"
"e9f95dfe-cc14-5f1d-b037-2d15a7b80472","Syazwin Hayati"
"50cd7bc3-06e8-5ebe-8218-8cf28f4d07ce","coralie"
"bc9e579f-84be-5914-b06e-1bb077de3f7d","Wendy"
"80290dd9-74cc-5f8a-b8f2-78ebe1b8dca1","Richard"
"4ab792f8-7356-5eea-87f9-f58238311392","Margaret"
"ff9d771d-d1e8-43f2-9c59-7465052d6859","User"
"50d270f6-1ee5-5984-8c96-a49633f2fd0d","Michael"
"e58b7757-f461-42d1-b502-e4e287242822","EBSCOAdmin"
"18160e0f-59da-541f-86a9-f6556f2b8352","Stephanie"
"afb87915-8051-5856-848c-6981a3189362","Caitlin"
"0acb0792-35b0-5a86-8751-d9e5af092368","Brenda"
"afad51e2-b6be-4e52-abd4-8e915d1ced8f","EBSCOFseAdmin"
"ff593ab0-6d59-5c3b-bb47-d465a1625470","James"
"ad543ffc-8cf4-5278-8c34-c1d87ec40951","Hayden"
"81abb18d-6d26-4263-aed3-153de1ab686e","Viewfinder"
"b4a72b20-f059-59ef-a27b-ed097e785522","Roseanne"
"fae634a7-5d08-4c18-8925-b07b31182d9b","Bing"
"e0384b94-2e0f-54d3-842f-4429742a1fcf","Sean"
"b239d5ba-3691-543b-9668-1a8945fa1125","Katrina"
"961e2a5a-d9c4-5dae-be14-06a07d5baada","Suresh"
"ca3ab1a3-1d90-5e48-bc2f-fedad1927402","Jon"
"dd9c57f9-c7d9-5328-96bf-172609fd9e77","Susan"
"7b1cfa6a-2b0b-5353-9eca-3cc8f3863133","Kerry"
"b6353a42-87a2-5d64-870b-627cec4daf11","Bradley"
"3e49558d-0698-5d2b-be10-9f3c9cc94d5c","DEEPAK"
"f396de8a-9955-58c1-814b-439bd3b81659","Martin"
"32cf344f-3a2d-593f-b04d-df8ea4c95d97","Toby"
"09b36a44-ac8b-52b6-b32c-fa1a2b56400f","Harry"
"023cd0a1-27bb-4023-a416-f28b9516e55d","Candace"
"848529eb-b1d4-5e1b-878c-7536a02a5815","Tom"
"f3b151af-4088-524f-ba94-534cef659357","Barrington"
"701e260b-122b-517d-a3a3-7250f4bcc262","Adiba (SOL)"
"91433e5e-f4a8-5cf2-aab1-6b48dfe39edb","Andre"
"4ce680f7-eead-503a-a4ef-1d60678473ab","Margaret"
"c660339d-7ecf-5a8c-9a48-d2a4e6e216df","Jamie"
"ced02c93-355d-5ab9-9726-e93c76d821bc","Elizabeth (SPL)"
"f93be61d-a26a-5aff-a223-bc24834da716","Debbie"
"8bc4a0c8-f2d5-5403-ac38-e53e276dba82","Maria Fe"
"8e68e34b-0b4d-5f2c-b60c-035d9fe676f8","Ashraf"
"0ea88299-c3ff-5d09-a5c1-35c34875f4d5","Carmel"
"8ecbf508-e0dc-54d9-8f4b-2889ef986012","Linda"
"90a207be-42e6-57de-94f2-edd4c55b6354","Sung-Lok"
"70851ca9-8c5f-516a-9e3d-eb3f52cd10e8","Karen"
"0d6af919-23e9-5e14-ba31-304ce430f3fb","Greg"
"87b9ee5d-3396-5216-80a7-0bdf368ac992","Wanda"
"bc9b0254-e714-5379-ae82-74d64646123a","Taisa"
"8d990dda-645e-507b-a0e8-cba00c0bc7de","Tabitha"
"993942f2-b853-58c0-b4e3-017e0859885a","Angus"
"3af17825-d88d-5bd3-911f-64bc1c428233","Raymond John"
"db22fe10-b44b-53e5-8aa4-8ed7a7123bd2","Kristine"
"a2e6844a-21e6-515c-a3e4-a3d4d5998683","Graham"
"cd6a055c-9061-5de1-97a4-f0dd15b7af38","Trieste"
"e76071d0-332d-5a27-920c-5dc1c1f5e5cc","Donald"
"1173afae-c579-52e2-8473-ebcba3ddac13","Kerry"
"b0c686ae-5708-5475-b8b2-9d83a2b7b1be","Alan"
"7893fb21-943b-597c-833a-86c9a7256976","Aidan"
"411ffb28-ac96-573f-b94a-fb8e92b3e993","Annabelle"
"894285a4-0ab0-5f0d-9fc1-4c473d966b48","Alison"
"ae37913b-e90b-56dc-b786-240c62be3477","John"
"c42d6843-70bb-526c-9891-e93c0e14444e","bronwyn"
"ad952f50-ea4e-5bbe-8ec2-4ca8cb321f79","Kim"
"ce9d9efc-fa43-5eb2-b5d9-65fb5fe83ab2","Walter"
"7a8884af-d958-5b41-b7b3-8c9de3ef55d2","Michael"
"a6e9c7d3-49a0-50c9-b336-147c81b7143a","Cecilia"
"0bae5a7f-3509-58c5-a0b5-385f85c63072","Brooke"
"adb4fcdb-4e4f-560f-9d57-bd5ab9417cc0","Robyn"
"2569daad-0dce-506f-848b-2a376224b340","Kirstin"
"ef33f2b3-b550-5f7e-8417-2474160466cc","Geoff"
"55b1e572-9273-5085-9761-6561f0a22f37","William"
"f3e70777-bfdf-54f8-89c8-8c8315a365a0","Victor"
"17d63bd0-6dd7-5377-a372-0022f9d694aa","Catherine"
"62236958-0a2c-5dea-9134-5effb8ff9883","Robert"
"ede527ed-1d27-5e9a-80d1-d9d32c92a626","Yi-Tao"
"995abb75-f26a-5a7a-a29d-12c2da999cf9","ROBERT"
"1c5bc800-e82d-5b87-8a02-7df8fe61303e","jocelyn"
"d147499a-1661-5257-ae47-75c1bf7a6d9d","Adam"
"fc489b9a-1376-5e91-9e85-89671d2053b1","Kylie"
"418146eb-e511-555c-a527-02a282dca44f","Lucy"
"23af09f8-8fad-59f8-a0fa-304584087e73","sharyn"
"fa7d21f8-1094-557b-91ae-fdf4bd7a5f59","Cynthia"
"653a6bd8-1f8c-5eaa-a879-3090bd688f62","Karen"
"569b9578-3824-541c-80f0-516620e10c4d","Rebecca"
"ab407b29-95ab-56f6-a23b-d6723deef1b7","Cheryl"
"146d965e-f97a-5f63-b086-fb0b5f053420","Walter"
"ea4f6638-77bd-5185-91ed-4f5c94c43ca6","Philip"
"b9c9549d-989a-5f8b-b2b8-949f7914e9eb","Megan"
"3ab64c76-815d-5cf0-a978-2b658f566ba9","James"
"97ca83c0-b423-5af6-bb8d-c73303290579","Simon"
"fd06ad52-f06d-5ca1-8e00-3c23327d5555","Helen"
"262a9fd5-5ef4-5c1b-a507-c5707991021a","Clare"
"1e63cc57-54d8-427f-84cb-11f378278a42","Gerard"
"78f75fa0-36e7-5115-a32c-b35240e78d90","Sakuntala"
"12d9c2bc-5a2d-5e71-87d7-1ac6edbf2c13","Josephine"
"be6ed6b5-9c3e-4665-8d5d-06b7c344038f","Deborah"
"df1eb8b5-eb7b-5f7e-9ee6-c72d32cc1e32","Maureen"
"0b34ca62-f868-537f-b164-6e25412422b0","Keiran"
"e02f330a-be4d-5bc7-af6a-3c3b4d61e8ed","Philemon"
"929d2ff1-21f6-5c68-9841-16732eccd332","Usman"
"e6601394-46d3-572f-b2ca-f7ac663513f1","Alison"
"b475c90f-44a1-5061-82a5-c80beb91839e","Rhianne"
"6515bcd8-6184-5260-8d97-e5a159732f28","Cherylene"
"b29ef257-40ce-5f1d-a0e0-31fc00cc3aef","Malcolm"
"193a7277-d0d5-53cc-87f9-936ee84c0c23","Lynette"
"7d6e5f47-077f-57d1-8aa0-2a55bd0b13db","Darryl"
"55fdeea3-81b1-5b4d-abce-ce6ad64ca254","Helen"
"82967f60-f70b-5662-973d-f1c26d4a1211","Brooke"
"e6b0fd10-67ea-5bc8-bda9-ad7429876700","Hilary"
"9cb298b0-b93f-5759-a9f2-8a00f3bc9785","Sue"
"e7678fdb-71db-54f6-add8-41b6d72f7622","Toban"
"32425347-c35b-5b81-941e-0e112e573735","Helen"
"4f3acad3-7e45-5f98-b790-722cb59cc806","Emma"
"a66cb9ef-2b3d-5c1d-beee-f062d2e32fa0","Abigail"
"e4b3e204-08df-5836-b7e7-0d410633546c","Satvinder Kaur"
"783042cf-700e-5b2b-861f-40235f59daaf","Wendy"
"2052ad83-cdfd-5c2f-8284-a569bbffae1b","Aaron"
"bacae45d-794e-57d6-83da-2be05a747c46","Don"
"6c1c38ba-2023-568b-9153-703f4ce5416c","Donald"
"22529149-7875-5b78-af19-f8d373b83a17","Patrice"
"8ab5a4c0-9ad8-5f2e-8c16-653da620e9f1","JANELLE THERESE"
"d3a490bb-b0f0-5302-9479-095f48978d1c","Henry"
"896f30d8-6429-5a3f-a2d4-f69294a65562","Marwa"
"b42ec76c-53dd-5236-8f54-9a48659a2a58","CHUNYANG"
"d893ba3f-a266-5bef-9a43-0a027bd85b94","Vamsi"
"f89e6523-0655-578d-adb4-5d22649b7a3e","Kate"
"1f70e633-a379-4218-a706-b2ee552a60d6","Elizabeth"
"cb8f4b5c-a59c-5db4-9544-a3b4d1ccf3f7","Johnathan"
"9198051d-bfbe-5b16-9a28-ce33af7a9219","Cale"
"37a5684e-283d-5624-8d04-62cf13491d60","Jarno"
"c61edba2-6939-52da-a9e3-2fff163fc8e1","Corey"
"e50345c9-2456-5155-93a6-e25270712ba2","Gursewak"
"9f2ab107-50de-535d-9a8e-fd08cd677a29","Rolle"
"47a3ea3f-b718-57a6-ba4f-be25e6077771","Phoebe"
"389d17d6-14d5-5a96-afde-717c11b64b24","Alicia"
"c1dc7168-e9aa-5cb0-8196-b9b162d4afd7","Ryan"
"4e16d49e-14f5-5b38-9837-bb37669fe4b8","India"
"b3e95ee6-2084-5e87-a21b-70558eae2d6d","Nicole"
"572db98a-816a-5805-b292-6c372a9a7de5","Ralph"
"1991b9a5-c296-5a28-9001-977acb0a8b13","Liz"
"d3529467-2e43-527b-9083-49c26ff528d3","Peter"
"804f5ede-1135-52f9-9f38-f37655e74843","Cheryl"
"c63b3c9a-ec25-50a1-8e13-b3bd0c729632","Jason"
"84740528-aa9b-5367-ab4e-6f9dcf0e5621","Peter"
"ee50958c-0c38-555d-83c8-9ec198c73844","Ali Ahmad"
"44445445-ae4b-5468-9fd7-c3589b3376ee","Jennifer"
"1366bc3a-5a7e-55fa-83a6-afdbafeaecd6","Stacey"
"5cbf6979-de30-5ad7-96b2-592e31557ce6","Jan"
"e2efa35d-637f-5ad9-94dd-27f57aa4a207","Georgia"
"cb475b69-60c4-51f8-abd4-7dfffa578910","Lauren"
"22c0b1da-fa2b-5a4c-8673-398104187237","Jennifer"
"28af809b-32d3-561d-b81c-8c62a20906bb","Rebecca"
"ec9a131b-318f-5b06-85fa-d5028a005857","Susan"
"1b3a58cc-5192-5e6e-9603-a522a3aa8903","Audra"
"61c07a09-6729-5177-b3d0-5462bb4aeae3","Eva"
"146e7968-f48d-5ad0-af57-bb6c5cd8441b","Robert"
"93deef5c-1c6d-5c8d-8863-bdd34e9cb591","Jennifer"
"79dd7253-26a6-5637-996c-3cbd98755e73","Darrell"
"fa33cd21-ba0f-5e0b-b986-20acae01a224","Clare"
"5b5b842d-2596-5165-b8dd-817175fbe154","Mark"
"c589ab77-f2d1-5049-b522-4ab61196d6ea","Ken"
"714477be-4869-518a-8b48-53220a898735","Kirsty"
"c75512e6-82b0-5cd7-abc7-fe100e68aabc","Darren"
"0c6435e5-e7cc-575a-b923-d33099f709ee","jacqueline"
"4861ca15-7933-596c-9c43-6c4cd8ef91fa","Donna-Lee"
"e36d16e2-a8e5-5136-a033-d43d09312580","Sue"
"6392aa0c-3b94-5e69-a483-8c32eb7e3036","Joshua"
"c0f6b59a-a551-58cb-a805-0b6a94b58758","Matthew"
"a7d577e6-ac9a-5d97-ba8b-32827e574625","Lisa"
"60e18e7f-e1bc-5ea8-8de7-b88529088eb3","Hyeong soo"
"2030d73d-d9c5-57b6-80e6-56ff4b4c21c1","Hualiang"
"143a07e0-87e4-55bc-91fc-39f791c22089","Patrick"
"1b21604e-72c3-5cc1-8f18-9c80743e83e7","Richard"
"9935b74b-17dc-552c-9dce-a9b2bdfbd49b","Latisha"
"e9ae96e9-027f-5208-9d13-0e21427463a3","Darren"
"82499a3d-d853-5ade-92cd-c48e4cc740cc","Venetia"
"193c5dcd-8b86-5ddb-bd62-2573824b8e9d","Robert"
"b92b7b13-1e34-54dd-aebe-061447108c4b","Bradley"
"d988e6e0-9595-51bc-84ef-ae0c00927a20","Annabelle"
"eb3282d1-f10e-5735-8b5f-ecc5cac6e523","Frank"
"303df568-0f9e-5c6f-a3e4-8c3d67009ca4","Ivan"
"e3c14fae-d6bc-5d0b-8a74-9177a53382f9","Joan"
"31c8d43d-cb91-521f-bb2c-e74f225268dd","Dana"
"1a002100-445f-54c1-85b4-8d1c95e37e09","Kirra"
"55217216-ffa7-591b-81b6-cf261955cc80","Mimi"
"aa8d4cd7-ceb8-5653-bb24-97bcbab5fecb","Erin"
"acc0ab2a-1cd9-5511-a80c-89ea39b1cc99","Leigh"
"8a1c8276-3fe2-53aa-bd8f-1917500809a0","Brendan"
"89f437d2-637d-498b-965e-f72417666579","Kate"
"cd260c43-9b25-5383-a6c7-b4585815dce7","Barbara"
"378c7b1c-f8c6-52e7-bdee-60e5c84f2288","Victoria"
"67cfb4aa-4e5f-511e-8f66-2f3ec5e9c117","Satya"
"43a98a8e-2e21-5320-af24-9cf417608487","Thomas"
"0be471d5-54dd-5165-840a-cd4d5e1d71bb","Sara"
"c218a62f-ce72-540c-b93d-505245cb974f","Irene"
"2104f22a-7bf4-525b-a77e-14c265b16a4d","Dylan"
"f2308b89-ed7d-595a-a3b3-6f8d6b6222c4","Suzanne"
"fe7b41cf-a8ea-5822-afc8-a9fd045cd38b","Nivedita"
"2229b0cd-38a7-52ca-85f8-aaeb850b4665","Deborah"
"04e3b160-66d9-4d1f-9944-d927f39c8e34","Sam"
"afeb82a4-7e9c-584a-b05c-7a8f1e20111c","Karen"
"8ae6a34c-c700-43c7-acbf-ed9165662f61","Yetrina"
"58cb3810-096f-55b5-8716-c744c28e6749","Malcolm"
"c995df7f-3fb1-5695-bf37-07417bf6fa88","Lucy"
"7b5dac76-4fd1-5bac-ad1b-2aa4dcf1e2bf","Samuel"
"38ff6366-04f3-53eb-a184-743656a5acad","Sophie"
"747b01b0-fcf5-5d6e-98f9-1e11452b7724","Bernadette"
"8c45f179-2309-51e9-96ca-a13df1fb7e65","Chris"
"364e92d0-db57-5146-9389-0e639f1724a7","Kencho"
"7fb8e571-e55d-5de8-9957-831e6cdf0a7d","Henry"
"1259adb2-50ca-5381-af4b-0be75453116d","Marisha"
"edf86bf7-560d-5d02-80b3-ecbd62cc6b62","Meaghan"
"986e1e47-a70d-59c3-9093-e70230e99171","Dulcie-Anne"
"242d4df8-4b11-5ed1-a452-d0a1f97a3831","Jessica"
"7ab9d70d-9be5-58d0-b21f-196dfbda4484","William"
"f3e88e98-aafd-542a-a968-785b551d32aa","Nola"
"3a228274-0314-5b29-ae11-63fc758b39a6","Kirsten"
"62faa671-d7bb-5516-b920-6fe8d91de2b7","Ken"
"1282b38d-ef00-5520-9e54-c4496a489a6a","ammarah"
"7bdb7e15-6088-536b-8ac5-08607d7897c7","John"
"fa0feea0-7536-5f2b-b774-d45c1c759cc9","Jeffrey"
"b5899edc-c6c3-53ad-96e7-839718f248e1","Grace"
"518c1c33-6cc6-54b5-8938-7ed2ee841be0","Ann-Maree"
"7ba01406-043a-5e8e-b222-5e6e29953ce2","Nicholas"
"c3a250ab-1bb2-5517-9c1e-9262777837d6","Amanda"
"b2d00860-7f38-546a-9ecf-6d587003eb97","Dianne"
"7f8d0d23-b523-5f61-b020-cb78098cfac4","Cassady"
"2a8b9287-b9b3-557e-b204-9ad4fadc9114","Rebecca"
"ed071f4f-f0a9-58f0-991f-1177c7bd2a33","Alex"
"e32c29a4-ec0d-57ee-b704-1bc60545570c","YVONNE"
"c2f462f4-9d6c-51be-99e9-b1d45db293c8","Patricia"
"75d553ad-94f7-5ce5-85d4-2e03c6739905","Joseph"
"dbc62d4f-c572-5c6a-83cb-8bc5e62aa07f","Benjamin"
"2ce5a5b6-f64f-5ff8-8bff-fc9cce40f5ca","Abigail"
"a6c5ed75-3025-5113-a6a9-fa94cfd71451","Yujie"
"62b84037-ea68-5dfa-8949-99ad84888f52","Amanda"
"134a2546-b9cf-5f53-96a7-863b0539ca67","Jonah-Mikael"
"61a54fe2-33da-51c7-8ce0-ad22625b1766","Sarah-Michelle"
"950762c1-bf90-5506-9464-d8bad4afdac5","Peter"
"02038de2-1342-574c-9922-95eaa94591f5","Gary"
"bf605e44-96ac-5781-be12-d307f72cca27","Ian"
"028e131b-4ec6-5cd1-8161-269d905f553c","Vivien"
"1cbee784-1783-5817-9f05-da32cbd6bdec","YUANFU"
"602b5216-2ecb-5e17-97ea-3a695366fed1","Divna"
"5ff3084e-2d59-50ea-8b47-c90f49ec057c","Lisa"
"9140e91b-c019-50c4-9db2-fc44bb801165","Kai"
"83cbebd6-8643-5202-ac72-50196c98b291","Greg"
"b655098c-cf01-5b8e-932d-d174976cad5f","Joanne"
"d8d8ac68-3cc6-5916-b10a-2398e729cf3e","Jaime"
"059c4d4d-2306-5965-96b2-55f48ab6e4f4","Yasmin"
"51c9a855-fc15-58da-a0ee-ab13cfba10a4","John"
"a19d01f2-7a0b-581f-a2b5-5d31c401e469","Boe James"
"f9a36b7b-d441-5ede-bc58-100c8b7fc299","Jeremy"
"0fede130-2dc0-5c40-a550-bb7cd9406b36","Kaitlin"
"f6326be6-01d2-5bb0-9579-b4c97799d8f9","Justin"
"2cadb8c3-dbd1-5938-b3b6-bc861e82126b","Judy"
"8775c0c9-e82d-5427-9ee8-e4d4fdf3fe8a","Geoffrey"
"a3a7af21-24e9-50fe-b8fc-9b58080b2982","Tamsin"
"0232ca19-9c1c-536d-9c7c-d0cbb7d7a83d","Rachel"
"37ad55fd-7c0c-546c-a727-7cae67a69967","Caesar"
"0a1e533b-8576-56dd-b678-54b81b05ddde","Roslyn"
"9ad3b0fa-b29c-5892-a288-ca1274c38a90","Carol"
"8cd9c2e3-9aca-48e9-96c1-be2047d2e659","Cherie"
"74896cc4-a74a-51c8-bcdc-1d46fc7c7306","Leah"
"d3b65bba-82ea-50f4-ba6a-0799a1e20376","Vicki"
"010150ee-dee2-5ebd-bce3-537e3ff734b3","Dale"
"1beaee63-f595-5cb0-b208-04917ae11c29","Nicholas"
"0fe591d6-a283-53cd-b6c7-76e999ed111a","Megan"
"2883ba42-c335-56aa-8cb3-8360514f8111","Melinda"
"bcf66cf3-9fc4-5a86-8305-ce3970d542ba","Susan"
"979626b4-8408-56ae-930a-f36dd8bc6f27","Barry"
"d39c55b5-c1eb-5b42-bbb5-5ecd2659ecde","Narisha"
"236ab885-11e5-5919-8f8f-6ca65b9578dc","Adele"
"bd8d433e-4250-5565-885c-791b53fe5918","Emily"
"c69d71eb-a10f-5ee4-8cc8-2a2a5e3cfc57","Virginia"
"60c0db6b-fbb7-5966-b73c-839cf64e418b","Brian"
"d9c251c2-49da-5865-a165-31877a96c9dd","Daniel"
"d94e8664-e9df-5f4f-8728-4eb4771d033d","Jennifer"
"4949d428-b887-5a88-b835-7afd8ea963d1","Yasmine"
"ac4b9e8a-b8bf-5e33-9ee1-ab567a21634e","Philippa"
"a246507a-7594-52c3-9d37-fabed905552e","Robin"
"57784ced-8f84-5cde-8455-a069775c40bb","Lorraine"
"4545d4b7-e78a-52a2-a00e-28f2d8a3de51","Young"
"0bf824d8-4c0c-5bc1-844d-013110a65b73","chinakila"
"33748d02-412c-5443-a40d-0694169985cd","Stephen"
"c17e3bed-6748-528e-8c5b-de0ca7704798","Nicole"
"77db1646-3058-535e-8d58-da682dcf6c60","Panagiotis"
"4185a532-d632-5e92-a6bb-4fd16a48f8e6","Chloe"
"a274fa1c-9466-5411-b364-f371dc6d44c3","Ioan"
"f3f9bff0-3e80-572f-9624-9a825c6184f8","Trevor"
"a6fea0be-3bd6-5e37-9e8d-4a953c482aa1","felicity"
"14da7a1f-1681-5223-94f8-436ad0426cae","Belinda"
"ff1ad0cd-b04d-59cb-a324-707ad4b84a6e","Peter"
"fb1b55f6-0827-5f56-8f4f-a3745d563de0","Agnes"
"b1a324bc-5fda-55db-a26a-ba84e766a411","Sierra"
"a3130e2d-a8b4-58aa-b058-8c6d6d02f0cb","Armand"
"b51d5073-0a41-58c7-b5a1-b780eeddcedb","Patricia"
"65289d78-da8e-501c-b156-7d5fb62fab8b","Judith"
"debec95a-02d7-519c-bdd7-8ad4aba707c1","Diarmuid"
"fb3041f6-8bd8-57fc-ad7d-55698dfe2cd6","Michael (SOL)"
"03a6b7b5-fb76-5c09-93fd-439003a810d1","Robyn"
"e3e5b89e-3a86-5155-a78e-fa02497cc308","Charmaine"
"f2781c9a-7992-5d97-bde6-f1b5b49621af","Joe"
"e4a07fa2-d2f4-5265-b998-e1f98af080f9","Rebecca"
"0c451c23-a20d-50f7-9516-8b26367a6e4e","Thomas"
"08168a9c-456c-59b3-ba69-4bc60d2a966c","Saini"
"d007273c-718c-5fc1-8377-6dddf8ef2f12","Austin"
"420a5dda-2cc8-58c4-97ef-08b1ab679ddc","Sophie"
"49dd38d2-c159-528a-8961-419fc70aed84","Quynh"
"e6e6d482-eff8-5c83-87a0-ce63fccd9228","Shirin"
"33e521f6-8b6f-5a34-b0d8-1f7454c7939c","Carolyn"
"75bd4c20-04ac-5140-8bd0-3a21b03c8c04","Lionel"
"7027712b-1dd7-51bf-b4f7-36893ad78d40","Tony"
"0cc7955a-ce4c-5386-8fdb-d0dc463a3c92","Jason"
"df47b7db-a344-5c18-bb9a-b66823c799ad","Robyn"
"a63d5dc0-5b32-59b3-b8fd-ed7d25b49693","Rochinet"
"a6d29f4a-21a5-5ce0-b32b-74fc03644094","Karen"
"b309e9b9-5a1c-569c-b44e-b90dfd911078","Dasharath"
"0f95fbd6-4fc9-5892-bdc8-4887af34355e","Sean"
"3bdbc93c-d318-542a-8824-ddb994e85240","Bronwyn"
"eb64c7ab-30bb-586d-b5cd-8e8f3c8a91e0","James"
"ddae5fac-63c5-5f72-8695-51b3f1aa9efe","Dianne"
"b990810e-a993-587f-8fc5-f3d3db016cee","Barbara"
"dca1ca6d-9846-5ce2-80d9-d47b9a029320","Sarah"
"8bda712f-9126-5dec-b149-f63e58b0f5ab","Shane"
"ed485443-398e-5110-a71e-f9c551b3ff51","Peter"
"fa99b0d0-d2ca-5a6e-98fb-19dfe242f17f","Naomi"
"e23c0a94-d4aa-5527-96b0-056a52dabaff","Kay"
"d43f5e52-74c3-5147-be70-f253359fc6b2","Mia"
"58aae5d7-2276-5acd-9acc-092f7080de6f","Robyn"
"8f640f35-6666-5fb8-9669-da5c89c3519a","Ernest"
"d902c24d-8359-527c-a224-619447bd2809","Kellie"
"4bef08e1-d56b-513d-84fb-eda97dcf81af","Christina"
"c2e124e4-ea40-55da-8715-8f6bcdc65ed5","Justin"
"584a2da3-8135-56be-9fbf-cc2bdeafa25f","Fiona"
"c832f72e-d7ac-56a3-ae21-3d0984e121f2","Tibor"
"69917d53-4dc8-5e29-8db8-bffc9f0c4cb4","Mariea"
"2d271bfe-4f2d-54f4-9690-edfeccbf8520","Emily bernice"
"24b75027-9519-5890-becb-f8bc27742062","Shey"
"96d3df02-9fe1-50ae-b2bd-22d2222532f5","Thea"
"a3380c1c-c0b5-5ebc-8255-01c180f53521","Nathan"
"694dd954-ca9a-50b7-b6a9-1962f9f8d876","Phoenix"
"5b9693c8-ed33-5dc3-9bc4-0cbfb21ae0ce","mark"
"0e64f7e7-5008-5de3-8ce5-e345139ed437","Kirsty"
"5f8c5394-a15d-428a-8fed-8145f3cfa412","Treasures Gallery"
"6ebb68d4-4f60-554e-ac73-405dbb199c5f","Lisa (SOL)"
"96ebb4b5-de35-57e3-a4c0-ea47029e2437","Kylie"
"92dc159b-d4fd-59c9-880a-2593c1c77c65","Marjorie"
"4ee6df75-4e19-52ae-bb23-db606fe6c6d7","Alison"
"4f67c5da-2bd9-56d2-b451-cef16ac519e2","Theresa"
"a743c8d2-d414-5b18-84c1-7ca3fed42fd9","Hannah"
"6f19cdcf-7d09-5f62-9eb7-24c4b0dae545","Kathryn"
"98ee31aa-34c7-581e-bfc7-4e7e114b249c","Jessica"
"5c172a15-8c02-511c-9dfc-bd7afe2a80ee","Jaija"
"b44e3b9a-1fab-5e6c-9a67-226c554863cb","Alycia"
"352de361-4957-518a-9085-18b504427e06","Elysia"
"125a5ab9-905e-56c1-9dc6-b1b1cd98e515","Wendy"
"77d436b3-7dfb-5a93-b4a7-96415d968eee","Daniel"
"d4466b59-1b81-51b7-ad58-490decd58186","Kate"
"cc2ef5da-6e9b-5713-8d3a-7ff5a71e6e2c","Jipeng"
"26bb42c2-5c10-52ff-b286-3b6eb77d9fa5","Chaturi Chamindu"
"c5ba7964-cadf-5492-b57f-e6dad20580c3","Rosemary"
"e8acbdb3-8367-5cbc-bafd-bad3988c6d3d","Michael"
"c2ff4598-7584-57a1-bd1d-5c441bf08bdb","Freddie"
"55761b88-fa3d-5396-8d05-55bba5c3f12c","Hanna"
"fc4e903a-5b2e-52b0-a760-1db550980a02","Lynette"
"4fbf7a89-12d0-54b4-98fe-f4162d7b24d8","fiona"
"e2f2ba5a-aa4e-54de-a7e7-4dface7c6381","Stephen"
"661db569-5366-5f4f-b206-3d098ce4041e","Ryan"
"2e3ce1d4-036a-58b5-9cc3-3c96e96c1754","Tracey"
"dabf344b-851e-5ce8-8035-4c2923ae4b78","Scott"
"f9e02854-65e0-542b-89da-3b181c853c17","Anthony"
"f1c72100-f98d-5781-a7b0-b9132ae4fa1c","Katie"
"196b291c-0fe5-5bdf-994e-2f515658f798","Rhian"
"676d43d0-b640-5dd4-815c-dc44467342b9","Kristijan"
"31ec9885-32a3-554a-98c7-c7c83fc3607b","James"
"31acf85e-b4af-5c14-b9f7-5f8bf8eedaa3","Theresa"
"3eb3b23e-77ae-587c-94c2-f2b6ecb458c6","Robert"
"a3974ef0-bad6-50e9-8630-8bd4d8a39606","Peter"
"e0a85306-a5eb-53ff-b819-4f85c96faa80","Cadence"
"8ccf9b40-8385-587f-bee5-3e3d444fea6e","Tanya"
"9a347bf3-2045-54a5-a09d-b9da84d59758","Chris"
"63897dbf-e09b-5de5-9aa8-d78ba88a2525","Martin Kevin Michael"
"146a705d-5104-51f0-b7c6-8818ee50147b","Joanna"
"f6c4093b-8131-594d-ad43-6044e61d18bb","JESSIE"
"6e65f652-58bd-54b7-87df-986ed5b9d60a","Danielle"
"2159dbb1-8be1-5c73-8296-4c4f836180f8","Lyall"
"0ee3503f-af91-573f-8a10-18376e2c29e0","Jordana"
"0deaee1a-1ba6-5136-9cb8-0bb80532fa52","Rosemary"
"d225b590-cad1-5d13-a506-fa6cfc5215d8","Nilda (SPL)"
"7f5b83a6-c699-5781-a8c5-4c049d3ee6fb","kumar"
"4e2ab98f-f16f-54ba-8ca3-9e7124edf3e0","Sagar"
"a3eae3c9-c026-5cae-b737-c0677434a622","Fellows Orientation (SOL)"
"eff52c8d-749f-566e-bb19-307939014b1b","Daniel"
"70381bc1-32a6-5178-8444-2106dff2cbfc","Karen"
"07c8372c-b3d2-5a82-bc15-0c7469907a4b","Patrick"
"61b9a7a7-6e0b-5f69-89cb-22b63ec262ac","Yige"
"2f086d79-239a-5311-8e2c-c8a3caf50ded","Ian"
"2e34b669-1d7d-5675-9494-dba5d04c991f","Coral"
"18a60bcc-8979-591e-986d-92ed409051e7","Mitchell"
"bf1c048c-b4b7-5af3-95e0-fdf995bb6e83","Peter"
"dc748e4a-3de3-53de-85ed-0aa839f92f52","Carol"
"e350c358-5910-52fd-9fb0-1efb7233deea","Diana"
"aa58cd0d-3c24-53ae-9247-06ee34539167","Megan"
"bd2d6584-2bcc-5c02-9a8d-a5612e00e6f5","Michael"
"e8c7d737-faab-42e5-b9fb-29c897846f25","David"
"5131178a-66e3-5ecd-a3b6-1e77165cbe4f","Sebastian"
"095f41e4-46a4-5b18-88f9-2eab465bf893","Ian"
"a967bc6f-aa2a-5317-b5c8-ed64eef247ec","letisha"
"8c383b2e-72ae-5a38-8941-9be0b1801f81","Leisa (SPL)"
"51da54bf-6369-5e9a-bec2-5fa01347e4b5","Janine"
"6db8e646-144b-58a4-8e5a-fd365b2a40f3","robert"
"28a93fc3-c533-53f9-9221-bd3ea79737ed","Rachael"
"242447f2-3b4b-50d8-bff2-abeb31ae5fc6","Reference team (SOL)"
"b19eadd9-0d99-5b9e-92ed-d705a55a690b","Rachel"
"ad32418d-5f2b-50c8-bb9e-2ad23e13d141","Allan"
"86a8fb3c-ae86-5a8e-9a94-9503a5133217","Stephen"
"c4cd47c0-457f-567a-95f4-96d35b5cc135","suzy"
"c4b26a53-952d-581e-9f3c-ddd0e1d91548","Kristen"
"8d0db6af-a500-596c-a796-02f560f45cc0","Sandra"
"a20f59b1-60e1-5d7b-8cb8-74278a1a8a60","Susan"
"0d21343f-1536-566c-a0c7-581fcb430353","Gregory"
"b64246fb-3b1a-5e32-9bf1-6fe87fff97fe","Shane"
"d18fbf94-a8ed-5217-b647-de9f7d10e659","Kathryn"
"048408ca-d518-5713-94d0-b8a564bdd1fa","Kwan-tse"
"d8b07c3b-9604-59ff-a7ed-2ee488b5975a","Anne"
"b3dad23e-8f40-59fa-8941-40c1e51e6dfa","Hazal"
"1ca7757b-9e0e-5983-8eef-1a3f32ebab87","Elizabeth"
"49f7df74-fc01-594f-8d58-186f5cec70ed","Sherron"
"03d39e3b-fde5-5e54-9443-ebea52ce0a27","Kathleen"
"dae46517-a769-5ab1-b94d-1c002c7cc3dd","Lesley"
"3401252a-4338-5e72-9604-bbd2136e828d","Laurette"
"e4f65830-fdaf-5b7f-8b59-d6f23fe61598","Carson"
"06ca95cb-90f6-57a3-b58e-c58b96e49f89","Stephen"
"1d93776f-ec1a-51ac-b957-92c650a0d784","Way"
"4b490b58-518c-56c3-b29b-6678e4cb9662","KAREN"
"60356cd4-379b-5ea9-b785-f64d74edd03c","Jarquin"
"9c263e03-48b4-5a18-b702-e9cfd4971a4d","Mark"
"49f7ce16-6f7b-5fde-96a4-347177a1553b","Catherine"
"acf4f4a0-984c-510c-aeaa-766db1319b14","Hugo"
"7532aff2-e744-5271-aa43-79b483d86e05","RITA"
"ee28828a-7b20-4c07-969f-c9511f7f161d","Lee"
"a2622d66-59b1-4d57-92c1-89fa84865d8a","Linh"
"7f6f12fd-7ac5-4de0-8bbb-7a98aa16923c","Brad"
"86566760-1a49-5289-8470-cb98c6a1e8fb","Thomas"
"84ab86e1-7bed-59e9-a39c-4963a9a1e5a7","Jenna"
"4030f63a-121d-5963-b4d8-e1db1b983964","Colleen"
"912bc110-8313-5f44-a61f-4165e09895f1","Ben"
"6bda1eca-0b30-57bb-b003-f6eb4139aa9f","Margaret"
"8cd83b3a-9952-5cf2-9016-884779b6eca7","Jane"
"18308d4a-62d3-5a3b-88d8-badfdfec310c","Andy"
"0cb8ce98-3730-50a7-8735-25a0ae05d3f7","Llewellyn"
"5bbb1a4d-9feb-576a-830e-7b07f20cfd10","Elyse"
"a4e34e86-f5b9-5605-82d7-bc63808e7ff9","Michael"
"a79e6833-3332-5fdf-9813-1804bf09ef21","Geoff"
"333eb7ba-2f48-5efa-8704-861e074dfa43","Eric"
"60d93d1f-8ab5-56ac-8944-4bc722d93525","Natalie"
"fb51c4eb-6f71-5ed9-93e1-cfd52b756104","Keiko (B7)"
"a69c8e8e-3246-5b6c-842d-260908e17705","Leigh"
"fbeb7f27-1396-52af-98d0-7af3b691b4df","Kristine"
"c613e049-09cf-5301-8e00-8a171b7e977a","Ian"
"901d71e7-9f7f-59e0-afee-1aea545ce405","Charlotte"
"b906d69e-5cf9-5ebf-ba07-fc005f9ef7c3","Marilyn"
"69f5e843-8e35-5652-ac43-fdb9d1b23094","Joy"
"864101a6-6c10-54a0-a7b1-34051044077f","Jennifer"
"6124301f-8f26-50af-b8f3-e16d343056f4","Susan Patricia"
"3afef2de-9845-5d95-8029-a0d2241375af","Kim"
"e7e52adf-ab30-5ba9-bcf9-c639c9dd23be","Merridy"
"15f51bf3-0a75-58d9-9a10-bd4019359729","Claire"
"b75b696f-d80e-5a29-b973-31a2f6578b1f","Rose"
"9c552bdb-9f6b-5ae9-99a8-6a8dc1d975c3","Patricia"
"870216f3-37d9-5b8c-bff2-fc97e0d51d35","Christopher Edward"
"5db62e45-d1cf-5955-9fdc-220d6291bb47","Lynda"
"b028a726-a720-5d7e-9f7f-27f8ec901a19","David"
"c5acf7bd-5d5c-5874-aaa2-21abacd635db","Jennifer (C12)"
"fb4e1b15-683d-555c-a7af-5eee9859a286","Gloria"
"a74e3424-bf2d-5d26-81c6-c7d256677a94","Geoffrey"
"927e046e-7f26-5bda-945b-7053761f41f8","Fraser William"
"0c5c76c1-98c6-590d-9db0-4b5fcd0b0c22","Kaitlyn"
"e1e3bb82-ebc2-5221-8875-1e7abd9ec792","Geoff"
"3b824009-5a7e-598b-8cb4-ee5fccb45e79","Barbara"
"d94ecb3c-f77d-586d-9358-93135920ce54","Roseanne"
"e7ceeb16-9a52-50bd-b634-d89986fc7ff7","Patrick"
"d3d275b6-b5d7-51a4-bcf1-68381f97d762","Marie"
"e559c749-8964-536c-ba2e-79f9bfce7866","Dawn"
"9e90ce7d-0586-5ae7-9eb7-2d42489b98b8","Peter"
"8cea87da-3d7c-5770-a52c-de3149ff8d88","Ina, G. J."
"17cc7cd6-aea0-5488-8c5e-db5f57b4f69d","Alan Harold"
"76dfb65c-4f5c-5482-8997-dcd5d13dc719","Cuncun"
"8cc5bf0b-8975-5f7c-8cf9-9c5fc1583a6c","Jane"
"dd923280-6e8a-5b0f-b85c-19b97c456170","Rodney"
"35424d12-dda7-5a13-a05f-500b455a9570","Peter"
"ed226b93-165c-549c-84f5-ec1c3bfee3de","Stanley"
"1a7980e1-5a93-54d5-974e-3fcded64f3d8","Debra"
"e5668bdd-1be7-5c1b-ad99-7e0259a0df42","Graham Llewellyn"
"5400f167-0f3d-59b1-800d-28beb79f7ec2","Vilaphonh"
"3f570769-0999-56d4-b373-6e9510d84b00","Pamela"
"85dda55e-bbbf-5dd2-baed-235c5cf79823","Jeremy"
"96bb9454-105c-5306-b465-2ea8c8129e9b","Joyce"
"dfa9cef8-5d9f-547d-853c-b48bb9a44f56","Maxine"
"fe0ac162-5abc-56ae-ae6a-524cf1243820","Diana E"
"c9b1ead1-f8ff-5f07-adbf-ed8a413ffd85","Kathleen May"
"fcb2fc74-af2f-5f06-8088-92012e1ead99","Margaret"
"0408268a-e0b3-515f-aae7-061787cfa778","Jenny"
"d371756f-8f0a-5e1a-92e6-0e2ac53e06b4","Bruce"
"07f58d50-b676-5ca0-b737-4f72de4c593e","Vicki"
"8d2dfa72-3ca9-540d-998a-0c1cda8b9951","Teena"
"75920b4b-2662-5ce2-875e-df8fdc3347a0","Charlie"
"792c66ab-1fe3-5775-9e8b-9fc3249a8a9c","Helen"
"9d35a4cf-995a-50b6-af6d-436aaa5b645f","Peter"
"bcd060c2-ac9b-5764-8f66-b9de7ee74d53","Veronica"
"83e2b15e-efff-513f-bfc6-62af0b77b58d","Elizabeth Grant"
"d3e51107-e402-5812-b5d5-49ce760a465b","Emily (PETH)"
"99848bfe-f69e-5f8f-881f-559692c42caf","Paul"
"1c35838b-0271-5a2f-bcad-9a64ff0e2d95","Gwen"
"254a6439-9f22-58b7-9ef8-5fc4454ec46d","Amy"
"c1fce149-080a-5fcc-b00b-9079174a22d4","Gregory Stuart"
"9c5d0312-188a-5b4f-ae44-12a10d085a12","Rae-Marie"
"85e7f87d-888f-505e-9e3a-cd833b19f5a1","Houmphanh"
"1fb42d68-da6b-5cd1-a098-16934918761e","Keith"
"d965157d-cdf8-5396-8a3d-8757113b6d24","Debra"
"7ce8e458-219a-5fc3-8cc6-deb6db6c60a9","Anthony"
"04d525db-5785-5875-ba59-cb802f5af479","Trysha"
"165713e0-0d98-5150-bc95-32b7621b0682","Winstton"
"151e0181-878b-56f2-a27a-0b3c7d5f69f7","Margaret Joan"
"8784ebc5-4321-5bac-bf0f-308cf764efe7","Delwyn"
"9f2154fa-78ae-52d8-8df4-cab137a3312d","Paul"
"ec8d989e-3dad-5d71-87f9-ab74cf0f23fc","Angela"
"662b55e7-8644-5fa6-af85-770ff148b26c","Janine Leigh"
"5711b6af-db6c-5abb-806e-10d57858216b","Kaye"
"182c037d-9952-5653-afe6-d38c3eeda346","Stella"
"02aa323b-f01c-523e-b9ff-41de3f2eea09","Rosemary"
"aa5a7daa-9979-53b6-90fb-bce497c3d63d","Robyn"
"a90419b6-e383-5e4f-9f23-ca9cc331e4f2","Wendy"
"2f75674a-c839-583c-a7eb-cb9874fc8242","Vicki"
"118c9c27-cd41-5e67-8489-d3c72d85da1c","Pam"
"b10dd764-11e1-523e-908b-99ddf868c2dc","Russell"
"c9344e27-3327-5b89-9a35-341412f1d08b","Lisa"
"d57e5f52-50d5-562a-ba65-15c59e0f5df8","Peter"
"323f106b-3226-5522-819a-17e52471ad9f","Trevor"
"302db7c4-6f1b-5926-82e3-8fb19d06fae4","Peter C"
"1ef3d0f4-85d7-5610-9ac5-f7ea1041878d","Susan"
"170b5acb-3363-5cda-91bf-9d47cb9d9de5","sean"
"cbf027de-fb87-5031-b665-faec0fa6f678","Michele"
"e2c0f495-d989-51c9-b1bc-0fc7c4672db1","Seema"
"e37d3919-60cc-5241-b11c-c47867794544","Brianda Teresa"
"cb0947f2-b0d5-557a-9e4b-47464151de6b","Kevin"
"b7c14d07-bd7f-5512-904f-ccf724d9a438","Frances"
"875c0c16-034d-5fb9-bc72-bd97d8677739","Sally"
"920d6e12-3f08-54a7-8989-3b3de2242f30","Susan"
"4aa21827-3777-58c9-9406-2d5b71b0e57f","Annette"
"8988eeb1-03f3-5ace-b8e4-21111bb06e23","Barry"
"63a402a1-d68f-568e-b4af-ed948a78a029","Les"
"ea540949-d351-59c8-926c-a50af032d5bd","Rebecca"
"e3ebba0c-63e2-5dc8-aedb-bb7c444ae2f8","Michael Dennis"
"b2160ef2-5804-5c39-8f7e-42be3750cb01","Robert"
"704781bb-f1b4-5e7e-a7f7-b7df05d5e63f","Guenter"
"a42ac1f6-fbd8-571a-be70-71ddd3fb8584","Richard"
"0dca55ff-e292-556a-97fe-91344b62d5f7","pamela"
"d8225a87-9dac-50bc-af01-a05be163e2f8","Salena"
"76a4c95f-d748-5662-8b9d-b4dacfb3a63a","Mathue Peter"
"f7a5a973-4932-5b1b-8c0d-899da07cf52f","Jonathan"
"d79b2fb6-76f5-5f17-9923-b128bde98764","Ai"
"d8243fe3-5c57-5c3e-bdff-561fbb172390","William"
"d9ff47bc-973a-5849-849e-3d08a65df23c","Damian"
"54bf6d8d-01a8-598d-9f09-8f98d5535452","Pamela"
"4000d1a7-6a84-5eae-991e-6b416861a8b2","John"
"c2faa56b-59b3-5f1d-8e7c-92395690f8a2","John"
"7bee5dad-0030-5de3-a956-c3e589e5c0b0","Brett"
"eecdaf9e-4ffd-5e7f-bb31-8be1717ff361","Jill"
"ed75fbb7-767b-507b-965a-bcac9fb7c08a","Helen"
"2daeb56a-7812-579c-bfd9-815eed2e37e7","Sam (D19)"
"25e2e530-092e-5f07-abc0-19eba7054413","Frank"
"9000f053-4fa4-5c2d-9531-2ba1b4fa66b3","Ken"
"2dbc570b-1dec-5025-8389-53f2c5dc297b","Krista"
"ca91d585-3fe3-5040-b6e3-713adb91a735","Jennifer"
"e4cf3c6f-9935-5424-914b-4ea7424dd26b","Doug"
"465794d1-e109-53a7-afb4-5eb1e4627391","Tabatha"
"0aa7304f-2c5f-5f71-8bf2-fd7815152ff2","Donald"
"51feb44a-995a-54f9-b045-46a544a8c54c","Robert"
"d8a1fc7d-9837-5d32-ad14-0218cbcbdc16","Michael"
"fdb5623f-5fab-5757-8271-2fb61dcc4743","Victoria"
"a4d7b4e5-87e4-50aa-8cfd-5c078459282c","Meleese"
"0c13b75a-1358-5815-9f36-26fcf7abb316","Jennifer"
"83e29607-93ca-5d13-b20d-4e03db1dd5c9","Wayne"
"22b5360c-7610-59a3-8a80-d42ff42aad81","Helen"
"2744be62-f7b5-5c6c-9878-4929b2c100e7","Josette (B27)"
"ac84f208-95f5-534f-a0d0-5114b003bddb","Peter (D07)"
"34a6b7e1-292f-594e-b6a9-eb0c09b4fd77","Sylvia"
"c02cb23b-487d-5cc4-9e4c-741468f4bdba","Doug"
"169a763b-53c8-54ed-b369-f19bda788678","Peter"
"a1d8186a-7873-5a7e-839d-ab674086a88f","Christine"
"fffe2cd1-2ad1-5ccf-b5f4-86f04498bc72","Nola"
"4c244991-e9a7-5c73-a8b0-04289177ef0c","Raima"
"a116ad7f-0d3b-55cc-b1c9-9cfb20f0bac1","Colin"
"862aa52b-bb79-528c-b7ca-82332454f9eb","Marcel"
"7ff00011-030d-5ac2-a76c-29499eace4bf","Lesley"
"065b6834-9e63-57d5-9815-8a932d9c9d64","Neal"
"372bb58e-9834-5f8c-b106-3e2fdb84cb2d","Queenie"
"bba1105c-b369-5488-a93f-3980e0d20f93","Peter"
"066c4c89-727e-5d2a-ba71-e77ebaf7b24c","Brendan"
"0757f5d6-a03a-5ff9-ab76-84e261749042","Robyn"
"d472203e-22f4-5d72-9ad6-d145d2df5056","Atsushi"
"7f1b3a44-ae59-5077-8420-6390682711b9","Philip"
"d25ce735-95c7-5e79-b683-86344c71db6d","Rachel"
"0e9a568c-466c-5f5a-86bc-3a708f08323a","Michael"
"f6151ec4-62e5-5c46-820b-253c3816341d","Malcolm"
"ee6f019d-df67-5244-9f0b-49809bf76c66","Peter"
"10d9be0f-cf7b-5085-80c4-55bbfb9c4fb7","kevin"
"51b372bc-5123-5f7e-aeb1-91cc8b534af8","Raymond"
"55a4c8a4-f57a-59ac-9d43-a9e62aee4285","Belinda"
"364b453e-4e4c-5f0f-81ca-53a91984c52b","Sharyn"
"5b155486-ee39-5096-939b-49f6d0e5469d","Amy"
"244f8b57-0202-5a73-8588-97ff69bd944c","Anne"
"4f1d304e-1368-5582-ad16-395aa20919fa","Jenny"
"4d088a8a-79ba-53c1-866c-21c63af8996c","Sachin"
"049fe676-1778-52d0-b1b3-eb4e374c84db","Robyn"
"8da12e5b-df4f-52bd-b690-6042789cdf95","Jeffrey"
"387a0a69-972d-511a-93e4-942c74f6f141","Melissa"
"ce9f551b-1ae6-5d6b-ab48-b057c60a63ff","Robyn"
"9cc18a71-0e61-51a6-bdc8-f702965e77dd","Anne"
"8c800bc7-b6b6-5a63-926c-d3d228040010","Wayne"
"4ea59956-a741-5329-992f-a7cedac6a1a2","Anne"
"8d917b3f-fc35-5bfc-8614-eb82c9a3fc47","Alison"
"573687b7-8d11-59ce-b6a5-efd5f7efe8b5","Catherine"
"82c35778-9e71-5b21-9ca8-c5b69e0657d4","Jessica"
"1d91abe4-c19a-52b9-90fb-a94c5f714ac2","Stephen"
"3ded36d3-793f-57e3-a300-3a7193e1fa18","Elizabeth"
"0e7cb658-425d-5134-bde5-2c1bbad86708","Heather"
"b86ac3a9-6227-5d23-93f7-dcd5ac8e424e","Jeanette"
"802b7d31-14dc-5253-8c38-6356292f5c78","Sandy"
"2a00f38e-ca24-5a57-b019-32e193c0cee2","Cherie"
"a0026532-11cc-534a-b6a6-437748edb35d","Alice"
"b34fcbbf-de9b-5df0-8e3f-384fbfe1698f","Lara"
"e1dc8ce6-f3f7-5ec9-bf25-c58a0831c66a","Benjamin"
"56ea3736-b902-50fa-950b-7059dbe4e5fa","Tayla"
"39b60427-60b7-53a8-879e-ac785ac15b34","Wai Yin"
"d250702b-ea73-5678-948d-e4a9b9be83a7","Bradley"
"39129cab-283b-538f-9b36-49cdd9752ce9","Tianna"
"2e4512f0-cc41-552e-b4dd-728eaaafc181","Marilyn"
"0eacd71f-f299-543f-afad-3a7eae607293","Ciara"
"d01002c7-0795-5b05-b3e5-ed02a49e9bab","Richard (B40)"
"a5c0f0cf-77ef-585c-9494-69a9e4865916","Gail"
"8bb512c9-4ef9-59ce-bd4b-0f79260af217","Julia"
"b37d68f0-8896-59cd-9c4a-c4855e0ac97e","Jennifer"
"3b1e3f8a-9b94-5575-b93b-39f6155d8d50","Lara"
"47265f61-3535-5fae-a11d-29b69ffd59da","Robert"
"8122ce58-81cc-572d-84a3-1f9f66312679","Fenella"
"a53956bb-2a1d-5b14-a796-c592470e28ae","Judith"
"68b5ff89-4245-535c-bc84-cb4ac38313dc","John"
"5188c170-2e2e-518a-ac17-183fa6d23191","David"
"98c958a7-8873-537d-ab0c-c656aab0a6b5","Vicki"
"829e9091-7109-5116-8b8e-64b8939d87ab","Georgena"
"86eb163c-a7b5-53f4-9d38-8eadce47ce03","KERANI"
"6a48a4cb-6c3a-5c72-b701-66bc77980a1b","Sue"
"093b4a9f-6a7e-52ec-8dbc-ae46bdffc2c4","Robert"
"6a5ae499-933e-54dc-990e-2f1bc5d5045a","Vanessa"
"7e174894-2b57-5fab-8b56-fa7a143b2910","Justine"
"9e8f7b6b-5358-59c0-abee-c090446b0fa5","Noel"
"55ad6b6c-3199-51bf-83e5-3063fd44eeb9","Doug"
"7dc8bd89-21fa-54cb-a919-78fcc72bc43f","Eloise"
"4d40501f-1153-5b50-b057-059a421572d7","John"
"a47818e4-5f00-5361-b1d0-a7c09b98fbea","Michael"
"5d4f9e06-1572-52da-98d3-87c82fa0f650","Peter Paul"
"a1d9e14e-bbf1-5aa9-8685-83244f63ec8d","Amy"
"f8f30592-6663-576e-a3b8-10f5c217c9d2","Cecilie"
"1bb7baa5-c8ae-5141-8265-0ea7e71e828b","Anthony"
"b8b95c2d-6aeb-5232-b9a9-181e36783b57","Vinay"
"53d8ac48-f960-50e5-89ae-e31a27273dcf","Julie"
"c63340ae-2664-5577-8341-a30653e7af16","Kathryn"
"294033c3-8572-5b4c-9c2f-2008600d026d","Merlene"
"93784b44-b0fd-5148-8433-2a64ab692bde","Melissa"
"2073d7d7-ae92-5494-97fb-c6f5cd8debb1","David Lawrence"
"376acd78-4a68-5089-8bbf-c8f5f8bca450","Debra"
"7d13e4b7-93e6-51b4-abb4-74a357042bfa","Simon"
"ebe026b5-f769-50b6-ad43-ba8be2621308","Marilyn"
"3bf88b60-af04-5f68-85d1-02f14bdf169b","Jonathan"
"4b87d49b-cbfe-5259-af84-a1851f3232a5","Jeanette"
"5cb1ae2b-0f16-5116-aa15-e93dec2afee0","Ruth"
"88118149-14b7-515d-9ce3-115218dd3798","Stephen"
"22cd65d3-30ae-53b6-93a4-d3a000eb5c42","Cameron"
"cf91c1cb-794b-5efe-8904-07629801d000","Jacinta"
"aabaa8f4-d010-5cce-a0c6-8cfa358d3287","Enesa"
"a84d12f0-1412-5244-9bc8-668ee30e0045","Bevington Daly"
"24c78bde-7c77-5134-a9ee-f4c855781e47","Benjamin (B28)"
"37d2ec35-e3b4-580a-bd38-a9dc331f1152","Ailsa"
"305b6781-e5d5-5efc-b0c7-84a87e81cbda","Robyn"
"087c1dda-7e66-57f8-8cb0-634d85972dbd","Karen"
"88c63916-e0a3-59a1-b17b-7d155ce3c5a4","Melissa"
"711c36ce-31e4-5c72-a7f1-63da190fa08b","Jude"
"c6aa6580-9411-5e79-8fcf-ea99f57d2e46","Isabella"
"d0a6e157-0109-5995-943d-448e7a3e1c2f","Lorraine"
"698dfaec-e891-5346-be5c-30b993917fda","Maree"
"c5a91d03-e7c6-5112-b242-25d4dc700494","Ashleigh"
"47be7746-8da8-5177-b580-2e7240e19674","Michael"
"5b468347-4b86-53b4-959a-41b2f7de492f","Emma"
"453aac66-49c2-52ff-87f4-2e8f177f1c15","Yvonne"
"e58944e5-607b-554b-adad-40bb8c1a263f","Omar"
"3d3e5e00-535e-54cd-8413-1564635a3474","Sherrell"
"268b19ff-02fb-5cdb-8342-888cf51df110","Nikki"
"d00f071b-46e0-5a6d-82c8-843fb80396b7","Sarah"
"f172ea40-8837-5ed8-9350-b28fe752045f","Donald"
"0d053aa6-d354-5681-af31-e46916d35521","Damien"
"3d7a3ef6-73f6-5738-897e-ad0cc7ec27f2","Deborah"
"be758019-7e98-5c25-93ab-bfe6130d33e8","Christopher John"
"2af1e89c-244c-546b-9b29-07d19f94ab53","Ann G"
"4f44e872-08b8-5281-8957-d6abfa6b58f4","Max"
"6477beb4-dfd6-53fe-9759-7ef1816e858d","Jane"
"61cfd27e-3332-5370-9094-4be9b4477b4f","Maureen"
"65fec0d5-15b7-5847-923f-14d3516e256e","Kate"
"aff10318-f5f7-5245-827d-41f277142683","Jennifer"
"a337357b-ad4a-5964-a848-caa0706e44ac","Louis"
"14d6705e-d1bf-5505-b2c4-e9d20ae0f3e4","Christian"
"43052251-af95-5e66-a822-ffc21bf93d56","Ross"
"b2649266-f08a-5782-8a5d-fc136190985b","Elizabeth"
"d95e31ba-4b4a-509e-883c-d0a205a67d8b","Jonathan"
"3d7932e2-eceb-58d2-aeda-c491ef2825fa","Bonni"
"b813e09d-1c2f-50a1-beb8-5b65eae0e703","jeffrey"
"762cb5d3-b374-568e-8350-2609ae2f9b90","Renato"
"ead1c703-f659-5eca-b661-bae42acfdef2","Kerry"
"96332cd9-0f21-53f8-bb3c-f5dd03090bde","Tran"
"6384ff24-4cfb-5cfe-88a9-8bf2b16db787","Jess"
"f4a273ea-6307-54c7-84ab-ce5abbd8d56d","Marlene"
"6a20e8a3-6691-5717-9428-2f4a8c1769c7","Lynne"
"9d4bd1d4-91c7-5713-897e-6375ca439359","Kershana"
"f7904815-937c-56d8-89fa-38475030e02b","Lachlan"
"50cbd3c5-9470-52c1-af14-d92d80dace04","Jae"
"43266baa-d142-5323-8a1a-2e7f7da94f47","Paul"
"5fb200c3-1dd1-53fe-a818-41ff2cf052c6","Sarah"
"817be6d8-26c1-5e36-bae1-894509d6e0ad","Matthew"
"0f222e7a-32e6-5d8a-9486-472ddc7c11dd","Genevieve"
"a3c7df6b-4662-5522-9c5d-e2aeb9795c58","Steven"
"c9a41c14-42fb-5ede-9ff5-062fd275dd37","Jaro"
"85f1d7d2-8f58-5092-a99f-e34cfb65bb66","Paul"
"94c549ba-97ee-59b0-a2cb-fd202f919a00","Kapalini"
"f7b22734-cda1-59b3-8ce0-4cbf8a76d9d8","Natasha-Jane"
"3e6bde4b-fd5c-5d1b-8f6b-47685f8d08d8","Al"
"2600c4bb-eab6-5cea-8789-e1d710d8ccb8","Paul"
"958b03a3-fc60-5c3b-83b0-7bd7c2ea13fe","Dianne"
"f5260e4b-af00-5f43-aa3e-f259adc07dce","Quddus"
"978604c5-3955-56a1-9d2a-d3cbe593aaf3","Riley"
"55eb49dc-6bac-5d62-b624-d37e2bde80c5","Dean"
"eaf90ece-4d2c-5fb3-a271-aa327c318d65","Makeda"
"c085e20f-5b48-5100-a78f-185f7076c9eb","Nicholas"
"3e746ee0-59fc-5a7b-bd64-91c1ccc52ff4","Enid"
"28413488-8930-5735-b098-9cb7f11bccf6","Anne"
"f2011824-4398-50f7-b11e-e21204855c0a","Ben"
"38a5c124-83d5-54de-abf5-ec9c33f1485b","Luke"
"4708032f-e9d5-5ea9-a9da-c5f22faba602","Kathleen"
"3a7f5935-63b3-5a55-b52c-a8987ac2dce9","George"
"39647f5f-7623-5d6f-aaf9-ec73d2d696bb","LOUISE"
"7b329ba8-7884-58f6-ac99-3bd555b82c29","Ingrid"
"eccf88cd-c067-5abc-9f7a-12c62ce3f86b","Emily"
"787267a5-5aeb-5ac0-bffb-c84dc34e2fc2","Mellissa"
"0c9af1cd-1885-507a-84a7-a78bbf1f4f3d","Wendy"
"7c3af142-e3dc-5dbf-81f8-7bfdab302f50","Shu-Xin"
"f51661d1-ce10-5907-b0e8-06b99d43c0cf","Debra"
"39d195ce-53af-57aa-a409-cb2cd89f4df4","Shawn"
"278f2a47-8a2b-5184-a62c-cd8ee2aa53ba","Hyun Jung Shannon"
"c57c1635-283e-5642-a346-a986fe93d502","Beverly"
"ef9002ea-e258-54d5-9244-1ffad2d40a59","Darren"
"38111781-05ab-5045-89f2-ef576a2cf261","Marcelino"
"3e84da06-e946-5435-b0c0-530c2759d2ff","Nadege"
"cd43faf0-7a87-5d00-af5c-451df6c1ebc8","Emma"
"19af2404-9d10-591b-812e-7e4ae491c5f2","GEASON"
"1ed43d1a-3e82-5ff6-918d-da0d17d2f668","Kate"
"3666a203-fad0-59a0-8020-eb8826b583e3","Shakira"
"b2dc3971-f640-544f-8255-bbf9ea3a9fe3","Paul"
"8e2444e1-7264-5db5-9ca6-48ad3013c184","Daniel"
"99cbd53e-32f1-51b0-99c4-63a0f11db101","Isabel"
"05cd134e-7c68-5e10-9231-f89177d44b95","Anthony"
"704312d1-78f1-5ca1-b00d-fbdad452d47c","Darci"
"d462fc95-9438-5659-8c8f-977a0c4d22f8","Joel"
"df606eef-b25c-59ef-994b-8682a70ece20","Linda"
"2f9fba3c-8a81-5428-9236-c161e5387c83","Dang"
"b9edf929-536f-5118-b6d7-9684797f5c64","Anneke"
"eafef285-3136-52f0-989c-e4b04ea39a91","Will"
"c734f9cf-297a-594c-b10a-1f85c76217c9","Ramesh"
"b73c94e4-9442-5946-a54a-c29504f6199c","Melanie"
"49a14ee8-a84d-52ed-84dd-93664fc9e4ca","Beau William"
"50f189e8-bdcb-508d-9c19-5e547a37bb4c","Gemma"
"c54f68ff-700e-535d-bf77-49ba6e1cc1c2","Layla"
"ce03b576-d1cb-5950-b47a-2b298f809a11","Lorraine"
"729c4038-d761-51d3-94bf-08cdde5f98be","Marcus"
"1f4d262f-74b6-5ccf-8f37-ba623548c1aa","Melinda"
"7cdf04c9-2e30-5a8e-8b35-b51f72832320","Ala"
"107b81eb-71bf-5702-a70e-69d13f85abb5","Timothy"
"922a1b99-138d-5083-9a0b-553e6a309ada","Ashish"
"116c34ca-a0bb-574f-ae92-96d9d7ed38c6","Lucas"
"e71927a1-9561-5a42-a6ed-46a59d776f3e","Donald"
"596a87da-5196-5dd5-8ce2-b6bd63c4e41c","Cheryl"
"55919942-4808-5351-a36c-e66da8e72c42","Maximus"
"0e6b8cc2-4d7e-52e2-8108-92461f5d83e4","Liam"
"eda19259-95cb-5122-b04e-14f62fc94870","Delma"
"c1aa84ef-0848-5e7c-999d-4525f58d2a1b","Xiao"
"8b844d3d-3f9f-5a64-94f0-0c879b4fe763","Cristina"
"d333d973-c350-50b0-b615-fe5ddce2e5b0","Margaret"
"957b6c33-79f0-5f39-9a2f-ce24e171b576","Harriet"
"6308a683-a6e0-5dba-bf21-e7acd9256abd","Samantha"
"d8554583-14b4-512f-8e20-1cffa48f5f74","Kathleen"
"262001c7-4bf7-5755-b60d-1e55f9c596c0","Tracy"
"e6bd4b2d-3bbc-5491-969d-909f356fe3f7","Mohamad"
"28641cee-04d2-56b3-92e5-9b525e8fa501","Anthony"
"194b8cc7-1799-51f4-9563-56a54b1b591c","Colyne"
"ec3a9a38-863c-5b85-a0a8-14f2237f7169","Ruby"
"14869905-a7b1-542e-9338-a14febcdd18e","Veronica"
"265d09d4-2a39-513b-9e21-d3fdc118ff8a","Rhiannan"
"76528f1b-4165-5bab-94bd-8cc11b1d9a45","Gail"
"02307fb3-9e0c-5be2-9721-c20ee8b71b8b","Carol"
"442b74c5-d5e9-504e-ba05-730341a6f113","Jaimi Lee"
"728d1b14-fbef-585c-8f8c-fa19f208dabf","James"
"2d93c62c-128e-53b2-8021-f385fdc22960","Stephen"
"f829f8b5-b348-5fa0-8bd4-254a4d2e15ad","Shaye"
"36a5ddf2-b4b2-50e5-b117-e415a8b03960","PHILLIP DESMOND"
"c24c379c-d400-5a0a-ae58-d701a0c8e817","Michelle"
"561207ef-5965-5d0b-aa9b-3ffec11b0123","Chelsea"
"9af0cd3d-ae07-50c9-af4f-ee7007365280","Christian"
"4f6f25d3-777a-5d41-9bd2-0dc730452bbe","Rhonda"
"70839d7c-43f8-5cb6-ae77-0e2a950954f8","Jessica"
"63e15f35-5616-5228-8e3a-1d629c4a86d8","Grace"
"ef6f2465-3e9a-547b-afee-d0dc9fb76461","Cathy"
"aa10d9b6-afe8-552f-9f59-8f10bbc800ce","Marcus"
"dbd0a07e-253c-515b-8e44-9782eea5e793","Maxwell"
"951f1683-291f-52b7-869e-4ae5872cc429","Valerie"
"3bbbdbab-3bd9-54d0-9314-337e3624ccd9","Brooke"
"bb7eb557-d1ed-5e6e-b261-3b750ced494c","Annabelle"
"7c548b17-d7be-5e3e-b380-6e257685afa9","Mathew"
"552b1d4b-7d44-5bc1-9e2f-63ed108cf28c","Yong Ying"
"97210fa1-1c71-5a33-bed4-eed9fa2ac6bf","Benito"
"281834d4-4397-5024-affb-08e2767f95cd","Gary"
"f36cd58b-5f01-5f90-b887-f9c40682da71","Laurence"
"7a17af3c-39d3-573e-a83a-dc9ee47394aa","Catherine"
"bdabd97b-2b89-57a3-b0f7-165745243638","Shoba"
"20be35f5-2382-5661-88a3-b06721c461d8","Sophie"
"a0fba91f-6f68-5548-bea3-c275ece16efa","Sonia"
"4f3779fa-6516-5bfa-ba5e-f6fba2b61ba4","Liliana"
"7010c039-e246-5252-8425-e2deec486947","Suk Man"
"e0066dbb-4b46-560a-8e32-d758f11f981a","Lisa Maree"
"fddd9db4-b7ef-5f08-bde7-ce6717f2f041","Stephen"
"270a24e8-9a59-5825-9e5a-7d110e78c296","Harendrakumar"
"77f4380d-6633-54c1-b575-4824925dc6b1","Maree"
"64f53211-1004-5f7b-b534-0569e5931edc","Elizabeth"
"a53912c8-e06d-564f-aab9-7799dca16e64","Leanne"
"398089d1-1afc-5708-9ad5-fb46f30cd018","Anna May"
"14d88825-1c23-5ed5-bb2e-19f79f359494","Emma"
"435b6fcb-c30c-5658-9f88-59cbd3f0eb1f","Nadimul"
"8609a269-bc40-5fda-b916-1f236b7bacbd","Imogen"
"bd1d8fce-a3ae-5fb8-9a80-26696b6049f6","Tielah-Jade"
"71948084-27d7-5240-b8b1-d483c4badb19","Daisy"
"a3908405-3131-566e-99a5-dfe5da658c38","Lorron"
"22a71d80-2196-585a-9a72-6541c62e8580","Sharyn"
"01e136ca-af2f-51d8-ace0-a7adbf34aa56","Nada"
"d1147909-9b85-5c3e-b0c9-5bb8f0685e64","John H."
"9654e55e-3a8e-57fc-8c7c-72691df80b96","Maree"
"260e019c-6053-5561-82e0-938f5d47db1f","Andrew (PETH)"
"beca8243-c16d-5c4f-bfa6-2b65f5361e7d","Angus"
"b4eee297-3029-5e2a-bd16-fe6aa08fb791","Sylvia"
"7b034077-a652-58fc-bf1b-a4d15f3403a8","Michelle Tracy"
"5eeac7ca-3b77-56be-93b6-0243551aa754","robert"
"da6a98a7-2409-5d28-af36-66065ec46f4d","THIYAGARAJAN"
"6c8e7568-7e5d-5551-ba75-9d0a57dc95af","Nancy"
"2a1c5f1e-97b8-5a45-8e8f-43426510593f","Corinne"
"de7bdab9-4bec-5b6c-ba15-a68224c188cd","Gai"
"dca1b994-2664-5e66-ae51-5c084e147473","Saher"
"3d6dd80b-c132-5b5c-8bd3-f1b9acbbd9e2","Monica"
"16bbf580-729a-53c8-a578-470a1be60097","Michelle"
"72dfd848-1905-5345-8e57-47f63e8bc357","Leon"
"d6c43e88-948c-5e1b-bfc8-99fcbc561154","Katrina"
"65d60516-e55c-546d-aebd-4d65558bb597","David"
"ea756301-9936-5b0c-86a6-2dde0ff531aa","Andrew"
"ee2ea002-f2cd-578b-ab67-12b4b75b6183","michael"
"7d970801-ce6a-5479-9219-1f10deb83e20","Alexander"
"f495f58f-e7a6-5637-8d09-f3004e4320dd","Jo-Ann"
"c480bf7f-f137-507e-9e4f-ac2b32951bd4","Javier Andres"
"2567b7a3-1ef2-50cb-8fb7-f95dc019df2e","Jeffrey"
"0a1dd8f4-b824-51ef-b363-a12ec852fac4","Carmel"
"5f834a05-2808-57ed-8308-28a73235e36f","Kate"
"3c04237b-6c89-51f8-9776-c2687003d2b5","Joan"
"87219310-da4a-5505-a723-7210218933da","Kiara"
"bae13579-79fd-531c-8232-7d4a4e04edfb","Neil"
"51077b92-64b6-5f6b-bb5e-e8962210b789","Chelsea"
"0e5a28ad-f00e-547d-b5d0-cecc30d8ce1b","Sasha"
"70f08cc4-9103-5219-bcdc-81b923c87d16","Tom"
"a37bfed8-96ca-5b3e-887e-bf6fc1ee90d9","Warwick"
"f947c4ab-0658-5f4e-86ca-81c8fcc5cb5d","Rochelle"
"7f86747d-4320-5f79-b59e-f4eee8cac82d","Elizabeth"
"a3ed6457-bd5f-5ca8-bc33-5abd9df650f7","Anna"
"a9fa7753-7482-5052-87d5-5beeb2cf65b8","Kelly"
"4c04ea5e-1457-5642-854d-3f2b6cfaf743","Georgia"
"a05d0987-5889-5d10-a272-653ffdc25246","Benjamin"
"22aba62b-6ddc-5b1c-93b7-6177f58c6a3b","Kim"
"e9d760e7-aaba-5418-88e3-dfc7407b3987","Mega"
"a7f32cbe-ab71-5a7f-aac5-ca23fa706514","Gay"
"ffd32f96-bf86-54e9-9bfe-91a55fcbefba","Jon"
"cb45e2f1-c586-5c92-9db8-82b1a796cf0a","Nicole Tai"
"2ab90a3c-d3c3-566a-8c99-603751529311","Kim"
"10737006-8458-54cc-9452-baa80cfed7cc","John"
"6b088c77-e5fb-50a8-be33-0c7e2f643931","Peter"
"94b81f6c-b746-54fe-a841-145a6f49f19d","Lesley"
"47ff021a-7836-5f16-b3b5-cc3c79825130","Mary"
"76715498-ab73-58a4-8a84-22b364ba515d","Andrew"
"14c3853a-ac57-578d-97a8-686b3f4882ad","Lauren"
"ef6a3659-1966-5586-98d0-0320922af4e3","Anna"
"3f503315-7c36-57b6-ab4e-0d8be787d15e","Diana"
"329200c9-0bfc-5a21-95ef-60ee603e7f25","Liam"
"9119e5b5-b630-5469-aa14-be1ee83e29c1","sean"
"ebcc83f9-e26e-52e2-8da2-a8c7eaf0cc78","Trish"
"58602be7-c8c9-5f29-917d-660e0d860853","Mandy"
"27d4a4c5-8cc6-5f3b-9ca2-82d01d7c8087","Liam"
"2c691653-cd0a-5940-bce1-3f7437e70263","Anthony"
"c6f78e43-41c4-5ae1-af59-b252e419b1e2","Rhyleigh"
"38ab055e-afd7-57f6-a8b1-cdaaad2731ad","Patrick"
"52fda19a-65fc-5af0-a881-2b60efaac617","LILLIAN"
"eee39345-4bb7-5e30-bdad-f448f1ec7323","Bindy"
"df1267b5-604a-5477-94df-7969a30f5933","Suresh"
"1787c4d4-339e-520c-9610-db31ea8eb4b3","Luke"
"083e249b-4517-5498-98ba-dc56a660b729","michael"
"c83a3a67-aceb-54da-b1c9-297ba96cace4","Owen"
"fd3eff4c-8ba8-5ba4-90d6-119af7787ce1","Nicola"
"7b5446df-0c28-5c83-ac03-848f48f01e8d","Alison"
"61592417-7370-5394-b120-aac809ed04b9","Edward"
"c1881498-7b1b-50b7-bac6-9424b39df68a","Thomas"
"e4967983-e1af-59b5-bcdf-c4a537ad66e4","Terry"
"c1c32d2c-d13b-538c-85c6-002f9135147f","Meghan"
"a39ddd97-b8a4-5d66-a1a5-464b277baaa7","Nasif"
"bb83f407-a648-5b65-af70-9f0904dc10b2","Ralph"
"66a8405b-f131-590e-8f0d-e244f39ee8fe","Carole"
"64b72c78-c82d-5a46-9466-530b53ee3217","Leila"
"d22de75b-95a6-55fa-8081-0b08e41be9de","Michael"
"33df87dd-c31c-59e4-a6ba-9b8ca7f474fc","Aleksandra"
"88e7a077-765c-571e-a985-470d1d8ad0ae","Jacinda"
"fdacb9cf-7c9a-5a48-b63a-306f0b7592e9","Kate"
"a669c8fc-9002-592d-81e5-df11f23ba62a","Chris"
"6dba9d0f-eefa-51ad-b136-0cc3d0a84f28","Anastasia"
"da4cd938-c4d1-59b6-9d0f-d74f1b2034ad","Tasmin"
"6214aa1a-1a87-55cd-b4fa-613487e5dbe1","Mark"
"725aa31c-a3e7-5394-8e93-f492a463dcd2","Karren"
"6b7489a5-535a-53ab-b5bc-b8a8352786ce","Samantha"
"4ec40a82-1d61-5166-8137-618cb0753b90","Mark"
"d0a1227f-1fc4-54c8-873a-30540191cff5","Kevin"
"8adb4f4b-c87d-58ae-b3fd-4aff90c18f2f","Brooke"
"2baad157-34fa-5839-bf08-4f8e91283700","Abdullah"
"3b0465e8-f0e9-5aac-879e-632b1c1c6363","Neil"
"b18353fa-4f3f-59b2-b027-22b02710507a","Steven"
"35e0e423-e3c1-52ce-a987-a0e7da84e5f4","Samantha"
"a0ddefb5-52b2-55fd-951b-86c3bb4ae54b","Judith"
"98935962-d31f-5b18-9df9-c97e86b61314","Louise"
"485c6a91-0e71-5224-b57b-1b76ecaa162b","Bronte"
"1b3ce824-b636-5188-bb40-05cb58f23dea","Norelle"
"4696195a-3fd1-5038-bca4-1ba416371b0d","David"
"4fef4a96-921c-5997-9a32-9c12ba813ed6","Duce"
"cb2d9073-3298-5c2a-84a6-a584aebeb24c","Darryl Melville"
"3291cad2-1552-55cd-a3a3-7dbea13fadb1","Nicole"
"7a9d48f7-2d12-5536-893d-5f0ed0bf1c33","Chris"
"82d7aecc-88bb-5978-8846-6c914e17ed87","Adam"
"41a0c3bf-132a-5488-a9ba-12a5f2fa9273","Nishthaa"
"0eed0894-bcc3-51c8-9bbd-a5322c722146","Md Fahad"
"3d2479dd-6365-5d54-b3bc-eafc961cf536","christine"
"64a23ab0-9436-5782-9c4c-a4fd4041602c","Marilla"
"c65d2fa8-9036-5e0d-b519-0c2af2686e5e","Dianne"
"dcc862cc-1610-5d09-bc4d-e670876bdd3a","Dwayne"
"2239b994-2628-5ba7-95f7-f9e761c2c873","Donna"
"b325ced1-685e-54fe-b270-12c981a5e4ab","Lauren"
"4bee2ed8-1300-57cb-8c02-fbef2c936fbe","Greg"
"6b2725b4-68c8-58dd-bcb0-243c179fdc54","Palmer"
"65de2995-4766-5263-96ad-04c64ef22079","Colin"
"f485777f-d018-5001-b01b-077c9302900c","Hans"
"dce6e157-39a8-5210-8a98-e933cb6e8cb8","Justin"
"cfb4bf04-0cae-5d0b-9658-a9fcb80692c6","Marcus"
"b791139d-12d0-57cf-a17e-ef4a70499c3a","Yin Hang Phoebe"
"534f6557-6c3a-5544-9e2b-935b4fccb855","Sherilyn"
"4165c379-9bd6-5dd9-b618-b5731dfb8d8c","xuelu"
"06e74ca2-d130-5853-a2f1-9b56d78096bc","Hannah"
"2a99950b-a254-5637-80a8-56b0695cbe2e","Cheryl"
"4d97775a-c3d9-5845-a138-6c35ba095591","Manav"
"17a90bf5-2df9-5006-bc88-a1bf85e68abb","Deborah"
"c1df662c-a5ac-51a5-ad48-754522bd06a6","Jeremy"
"38d9fea7-075e-5ab8-8694-57d389125fa4","Mani"
"40128b31-e8e4-504b-bf9c-1f0943fced44","Ludmila"
"060419b7-b23f-5f5e-abcc-e1550595d6a5","William"
"542c7e10-0455-552b-822b-cc8e5e4faa24","Kosmas"
"d600d951-3023-5a36-b955-d2bcf47ea394","cheryl"
"4a83706c-a4f3-5a07-b9e1-fef90b41ade8","Martin"
"1d62303a-e3d6-56ae-b7a8-168901edd5dc","Kim"
"9a6643a5-affd-585b-8220-b2fbed3c0f7f","Stewart"
"e2c0f283-1f66-58c6-b97a-14015413e565","Andrew"
"2a73b7a1-a808-54aa-858b-4f79f64f761f","Allison"
"548ab08b-75f5-5ffa-b399-72eb969cbd65","Mark"
"5e7cde2d-abbf-566a-ab4a-136ae42af12c","Graham"
"9803cbed-6e4d-5dab-b924-18d10c93bd0f","Reese"
"78650e3e-cd29-55d0-8057-bc7f0f996318","Danielle"
"443396ad-359e-55ff-b7eb-287fa135c898","Thomas"
"ce747e67-64f8-5850-bc94-306e49c13415","Sarah"
"a6b9c13c-b399-5611-acb1-7a31829d8396","Christine"
"1d2f8c09-45b4-525f-9e9d-39eb8b3aec19","leeanne"
"523a48d2-3e67-5234-aada-56232080fb5a","Sri Asniati"
"63da463c-d55d-5e4d-bcfe-28907c58e94d","Henry"
"e9a6eb2c-9362-5060-b8bf-b6052516460f","Donald"
"cf41408f-ebd6-592e-8f9e-822e323d4f54","Erik"
"01fe98c4-279a-5db7-9ff0-4355ee360642","Paul (PETH)"
"bc8403ef-3385-5559-8e2b-1ff9f0b40391","Kathryn"
"4dc5bed8-a1c4-57f1-b0fc-34034fca8313","Heidi"
"05f12389-cc6d-575c-b4e9-8341541eddda","Lucy"
"f49a1754-435c-599b-8b90-1e0258f995b7","Stephen"
"81733cb1-db37-5232-bb5a-f8806b69c959","Sonia"
"378cd88b-0dbe-568a-8e84-a76119a4e711","graeme"
"6f9f6eed-6367-528b-a965-57695d9e32c2","James"
"d2fe8b14-d80b-5fd0-a14e-e69548d15669","Lily"
"db968069-0564-59e8-a011-b2ee5b2777d7","Max"
"12bb4979-8943-5caf-8c38-1c7b9a1173a5","Jack Antonio"
"47cdc178-cb1f-5bce-a026-4f553baba03c","Catherine"
"5e2c7e62-0b15-5424-b0b8-3bd7af469b7e","Eliza"
"f1d0d4ef-5ea9-5fef-8dc3-3166953097bc","Fay"
"c8790ee1-7c7d-51ea-b201-277c2aee5a3d","GREEG BASIL"
"0753e3ca-8bc5-54b4-bc37-60f407f4e29e","Jane"
"bd488661-d790-5e45-815c-3da5028b7bb2","Rex"
"e3cf1fa3-69fa-542d-acda-e7fb0c83eaa1","peter"
"98a4e2af-ade6-5b0c-a50d-ae5dcfb2311b","Ava"
"8129aacd-c29f-5c89-8405-581952ed8d7c","Hannah"
"81234c40-71df-54d4-a6a0-83316836e924","Kasey"
"535aa9a7-f1b0-55f4-9ca0-255171414f3f","Peter"
"21a9ea39-ec4c-54d1-894b-0fbdb3539e8d","Liam"
"56522fd1-8ac5-50ca-9fa8-66e25e339bc7","Jose Luis"
"572396f0-4c89-51fd-9465-9254e9e88fc2","Marilyn"
"6300e6f1-51de-5227-b539-a049f38559f3","Donna"
"ec2d4ce1-fc60-5cd4-be5a-26a78a217d6b","Hugh"
"9015b536-8381-54bc-b156-f43b34dc44b0","Teresa"
"0e499366-5eec-56a1-9261-8c0ac8c8fe62","Anna"
"926956b0-014e-5bdd-9bb5-7347e0f4f345","Piper"
"365ed96e-6815-5d93-b1e6-6004f92409e6","Shimona"
"96c8b898-211b-55a4-8c00-7ac7192d80e3","polina"
"4df94703-f610-543d-b323-a988c5a846b7","Michael"
"e5e14cb4-150b-5b6c-8c04-c3c945ae554d","sakiusa"
"f4c0d37b-59de-5ec9-99fd-475cf202a54e","Maaz Bin"
"f0cf78b3-3666-504f-a272-9040b534e965","James"
"78ac4990-9198-5714-9881-3cddd1fc1921","Ted"
"8dcb83ac-1199-5530-a217-1976b3992edb","Sam"
"968d3f8d-50a9-50c6-8149-f8af058caacc","Claire"
"bc6b6503-3c12-5d99-8402-5f7dcdc059f0","Sam"
"63e785c7-0847-52b2-aa70-7522ed526f57","Hamish"
"a4cecb89-1864-5acf-a007-d9dbb1a9e5b4","Ron"
"5fb5c3c0-046f-557a-9ceb-48fbbcd28076","Sophie"
"a16ab2a6-15cc-5764-8f3a-b95ca0cff0f0","Lucy"
"d0397b5a-2dde-5790-8bcc-4a94d7e6d4f4","Georgia"
"52492bdc-5d46-5834-8afa-9c14b3f69146","Samantha"
"9862ed45-eb59-5eff-b659-baa8cf3a1664","Miranda"
"41f0a8f0-b650-5bf4-ad8c-f777842bd6a1","Hayley"
"8ba46ec5-f3f3-5847-94ce-f0f1226b7379","Hanno"
"d82f20a2-24e7-5310-a3ab-ad0563335eb9","Lynette"
"bd3cd459-4c55-5f2f-927f-1892c95df6b2","frederick david"
"7400864e-7b36-52de-8a62-584095122ce9","Deborah"
"cd4da451-b210-53b6-845c-5af21c97241b","Violet"
"bab32ea8-2c95-5309-84de-1873f268a705","Summer"
"15fb23fe-b2e5-5445-b012-d1e6723b79e7","Katy"
"ead749f1-e74f-5734-a456-9de6690b4988","David"
"e697a91e-b1ba-5649-9611-f633654eb199","Susan"
"a7c86efc-7156-5d69-b5f8-e83eb62ce8f1","Jacqueline"
"f4f02ccb-2549-5505-b36f-602f23f348c9","Weijing"
"d1ccf81a-d9cf-5822-b713-694d8de72e60","angela"
"592b9a74-f697-57c5-95c9-eff21fbee1e9","MAHAMAT-NOUR"
"662f1958-3270-5597-85ae-4ab061953e79","Douglas Dale"
"0231124b-d6c7-5e45-bed2-8623950b88e0","Jan"
"0775fe81-a745-5ab3-82ec-16c8a18d3e70","Sushma"
"78948d04-85ec-5d32-a5fc-f931e009b0a2","Kieran"
"8e2dff61-36d3-5642-88d2-7a03b42a41bf","Jen"
"8a106ed5-388a-57da-b117-bacabe051f87","Jacinta"
"82dd8660-9644-58e3-b839-33139119fd07","Grace"
"39bb2e65-471d-5014-9cd9-f7fa8a44fb86","Heidi"
"0c8bb77c-7f8c-51c8-bd82-5357f4c0bca9","Marshall"
"53b3fc98-0da8-5190-b44f-742409bc36b5","Izma"
"d65664e5-b507-5fba-a761-11ee05f11385","Alicia"
"c4e2ded1-892a-515d-a39a-89cf1f60af49","Tahlia"
"a386868a-f4e9-5415-a56a-7eff751248f0","Tylah"
"739c9677-d157-555b-86c2-82d15a4345fc","Emily"
"10ab68fa-2840-596d-9a97-e5e59af7a8d8","Isobel"
"ff07d03a-de78-514e-b496-e2e7d6eb3051","Elia"
"d6bfcb72-ef9c-5c44-8a46-9a4ea411ba87","Lynne"
"67001ef3-9f26-5d9c-b17c-08736a45dbc9","Robert"
"a665024a-0436-56a3-b00f-1aee13a947fc","Ruby"
"bb657bab-e8f5-5207-a1e6-3aa151b4f402","Sophie"
"e8bc3c42-4c18-5016-8c7b-b4c58aa761a0","Ben"
"4f122bf4-3272-5c42-8dce-c8b4cc0ea15e","Richard"
"439160f6-ff9d-503b-a362-de72cda590da","William"
"4e78c7d3-142e-5e29-ac0f-b8b6afd5b618","Marielle"
"d1549c91-82e5-5ae9-a211-bb70605303ff","Jasmine"
"a9abb9d3-6441-54d4-93f0-33a45933dc25","Tom"
"b08dca0b-3969-52bf-80f0-6dc58e3ddd33","Lillian"
"a63f4fd1-877e-5691-bb78-f9e33a2cd7da","Lex"
"adc3484c-2bea-5554-8477-dcc33da0708a","David Saxby"
"5621e022-d8c2-55d5-a213-58b6852e6c8f","Linsey"
"e05637f2-331d-5c26-8ecd-93c9fcf2dd52","Lian"
"21ee076b-37e7-5fa8-91ce-3edaa6ab3dc6","Brendon"
"8dcb6920-eb86-5ed5-bbfa-31116f7c2b26","Sakura"
"3620c8ab-95ab-54a8-bc3d-f8771f40b8da","Colin"
"9ce15d70-45f6-5881-818c-4f68e473970d","James"
"b6875316-27c2-5e04-9a7e-46f7e36d31a9","Minami"
"e1fcfbb8-c48d-5a86-bb1a-8b1ce11749a9","Alexander"
"c774efb0-07cb-58da-bb5f-a87fa9ad0759","Amanda"
"0608d026-a861-5310-bdc9-6121bac3f55b","Margaret"
"7748e801-5d42-5dce-938b-e7c3d5ac442a","Chris"
"6e4fa4dc-54c0-5667-8223-200bcd8dcc98","Vicki"
"e0ed1200-5a5f-542d-8d1d-efdd95a979ca","Midori"
"2a1a1729-259d-55d2-81e2-111e9e561e76","Zoe"
"dc378388-47b0-5b81-bcfd-787d7ebcabc2","ben"
"880853a2-642a-525a-a4b5-bf52790b64b6","Isla"
"8fb0aaad-a407-556d-809a-1b96639dafe5","Lottie"
"1284dc68-494f-58b6-95d8-35d9a34023ec","Stephen"
"58f7ce16-77fb-5cd7-b267-511b859a8961","Esa"
"579fffdb-6ad4-5703-857a-dfbb0b37ff7b","Jack"
"f6b986a6-e574-5a35-b6e6-432eaa81eff1","Harrison"
"0b263a82-11b7-5a25-abb3-279ceaf199f8","Lanlang"
"56b8d5ec-c8ee-5f9d-afda-b3ddbe0638c6","James"
"9d8686b9-4e08-5a86-82c7-dc051a4f3198","Greg"
"9e6749c3-c5c1-5c38-b35c-11056a496a94","Andrew"
"33835b00-71f9-564c-a6cc-64385d149974","Max"
"5559ddcf-cf99-5d17-8a72-df19861d6990","Sarah"
"7a15811f-7122-54e6-b323-be508f75248f","Charlie"
"fc8ad5d4-438f-5314-9b56-b012a9c645f5","Thomas"
"bbd2a2c8-756a-546e-b7ac-7122a7dc663d","Sophie"
"e40c5b50-e4ff-527b-965d-ea1aa1ae26c4","Gillian"
"6c70f5f3-b710-53c4-8914-3f0c86d187ed","Hayley"
"0b0415cf-4570-51a3-98af-b8554be8529b","Sam"
"c376906c-b469-5257-a09a-228f7a7934da","Isabelle"
"6f4d22b1-a4b2-5ea1-9d72-da004c35d04b","Octavia"
"e36d67f4-00ac-5f3d-aa48-97c277ab0990","Elsa"
"6907fde7-7264-55c8-b086-eb3bae66cf19","Samara"
"3b59bde7-95b3-51fa-862b-13386152c690","Rachel Laura"
"7598bff1-078d-5faf-ae74-9e81dfc180dd","Daisy"
"4910f554-7e10-52e6-b581-35668cafd7ba","Megan"
"1f39157d-82de-5b9b-b7d5-dacc9075f39c","Georgia"
"679ac30d-3972-5f7c-a02c-dc74b8df59da","Oliver"
"8a44712a-5c6e-54c8-9823-86c3619150f0","Annette"
"855911da-28d2-5dc5-91c3-45cb60089430","John"
"d6e75e93-731a-570a-9c41-834f6777fe3e","Matilda"
"0e817c84-42b7-543d-b6c0-71e2070391c7","Leila"
"6e8c3755-62d3-51cd-9881-bc6d0d970da4","Ohmeah"
"f93d3c4f-368f-58c1-aef3-72931dfbc854","Charlotte"
"a750a5ff-3a03-5e39-8227-38957a39b39c","Isla"
"c9635800-4f91-516c-a97e-ac00d6e3dd18","Ella"
"a5ec4a46-f498-5328-a7e0-e8855d608e00","Ava"
"20970e15-4856-5f31-a1bc-26f3d4f2fb42","Michael (A27)"
"322e97f8-c334-5da6-9ca3-33169470c122","Tayla"
"d78599ce-ef17-5131-accc-3c9d6d37c16a","Robyn"
"5618ab88-b02c-53c2-865b-ca477bb60fd9","Michael"
"10c8ab06-8852-58ff-aa8d-0c5156f6fbfa","Jacob"
"4cd5e434-4ca2-59ec-be4b-48902a0a04e0","Theo"
"8c0e189c-ae13-575c-88db-09fdda6778a8","Lucy"
"b648b760-f985-5e78-972c-3e2abeee0b9c","James"
"84d0804e-6540-5620-86ac-9c20646c3ece","Lachlan"
"23066675-2d69-5ba3-ab12-124528a96df4","Samuel"
"d3ab0234-89bf-5756-be70-5d05d461c5e6","Jamie"
"5b6bbfb2-daa5-557d-9f6a-b471877e3730","Marcus"
"415f75b7-70af-59c4-bb60-45b0c8d78254","Ashlee"
"4e7bd2e1-2968-5bdf-a106-e453580ce39d","Thomson"
"216f8277-3d8b-5747-ab49-ad390028781a","Mar"
"8cf88a57-1b83-548a-83e1-012e92aa4729","Karthik"
"2783fa1c-97af-578d-ac54-664b5b713400","Zachary"
"c25a4f4f-8bd6-59ec-aada-10149be1d697","Sophie"
"fdee64be-09ed-5065-a35f-1cd4e56280f3","Will"
"effc0ec6-9fdc-5bf3-91d3-0cec1bc8f30d","Ezekiel"
"c355dcf4-09e3-55f4-9390-85867763f75a","Lottie"
"87e35734-40ed-5a87-a50c-11a71b040fa0","Ava"
"751cbf57-c0fe-5006-8356-22f71b975235","Noah"
"c156452e-9a11-5bc7-85b4-b67b20c02a4c","Minaal"
"5bf73251-9438-55f3-824d-f1d73c32aa3d","Amelia"
"95993dae-7512-585b-913e-3ba962161de4","Finn"
"c54efef3-b9ba-52ab-86fc-e7186dd350df","Kosta"
"221a449b-670b-5947-ada0-3cdd4005853a","Corbin"
"c6216632-973a-547c-8ec6-d7df86773585","Juliana Dorotea"
"85cebedc-4d1b-5ae0-8a30-c9cd99eef321","harry"
"7ba6e706-35b3-53e6-a62b-7757668a4b55","Adina"
"b6b77393-1b35-5e17-b702-4ce67bba32e4","Francisco"
"805f6c65-d4c7-5f34-8d69-47fbb60b77a1","Dianne"
"8a907d8d-5084-57ac-a537-226365b2a941","Dilip"
"e3d67939-8bbe-5075-9387-a1310eb718c6","Samuel"
"35b9e7b8-825c-5030-8672-9ce0788a6db6","Zoe"
"7718422e-13ac-53d3-8862-1e13ae93ef57","Ruby"
"801b6531-ab7a-5ead-8277-9cefd91a893c","Ethan"
"c520fac9-f693-5be6-bd63-5893546d4571","Renee"
"60e04747-71d5-52f0-8455-3ab6bdca738b","Joanna"
"fe86bf38-ba9c-5395-b89d-319914add854","Eliza"
"e7542cff-1fa7-58a9-a9f9-3397cb770b12","Madilyn"
"3aa5b44b-2e1d-5a32-af8f-351442f961ec","Rachael"
"4eadfd5c-a6a3-5ae3-8cab-38971e30bf2c","Alison"
"22d7c4b6-1bfa-57bf-9656-d9d6e00cc1c7","Tansy"
"cde089ec-540e-5b3e-beb3-9c5818409b37","arja"
"6b4b357d-277f-5682-9526-49dcf9e0de35","Deborah"
"4cfa06fa-e43d-5e7a-8387-c8be0f73faa5","David"
"daa4b6a6-9205-50f2-8890-611f9b2f3785","Diane"
"dc21085f-f358-5884-ad8d-615a3ad7aba0","Enid"
"fbcad77b-fa26-5dd9-b224-7e0eb83078ce","Yu-Ling"
"208b5e59-56cf-5eb2-945a-6f196698cc79","Bridget"
"f6e549cf-c0d1-546d-ad9f-86f861bda7c1","Manudi Mihara"
"c2f07ff1-b96c-5147-81e7-4ec43ccbb08b","Rebecca"
"6fe09076-94bf-5185-b6c5-8e37f60de5be","Ian"
"3e138c16-5300-5ebc-b2fa-084ed4825f63","aberline"
"b7371813-3559-5949-afda-0d8773f9a132","Tracy"
"61756d42-4716-50a9-9f66-72d4537de335","Henryk"
"758c3946-e773-530e-b249-062fd5ed63bb","Mick"
"29df68fc-fffa-5849-b606-c3137919548e","Ray"
"3f222220-d2c6-555b-94ed-755830cc5160","Duncan"
"1e29e62c-7240-56fd-9a23-06219cbb12e6","Janette"
"f6269073-d8f7-5e94-b092-b0b0888f7aa4","Ian"
"0afa609a-fae9-5097-8b68-57745b03e137","Danielle"
"57b77195-3f24-513c-8db6-47ac8b2db357","Mehdi"
"fe7950a1-db20-58f8-80c0-def8f9223370","William"
"7025e6e5-f473-5354-a8df-9d6fad828794","Robert"
"4b4d4152-31ea-5bbf-8103-4b9970a23479","Jim"
"41a6f86f-b312-5532-87e3-86b937dbe2da","Nicolas"
"e1020ed2-642a-5811-9d8c-5e9414880700","David Charles"
"cf024f29-5133-555f-8290-a15d8f6fce30","Robin"
"7f7e92e1-802b-5981-8e78-31400d8f6dd7","Winifred"
"a0646eb8-34bb-5dc4-8d82-b23a24859d01","Samara"
"6868ea68-4b20-5a00-9515-ed69cb7912e2","Nina"
"00a92063-840c-5c29-838a-9e6dd6395eac","Will"
"a05afd35-b2a9-5490-9a73-59d470563f87","Tia"
"160a511a-377a-506c-bb44-b7bfe94867c9","Stephen"
"8b63c56b-c85c-5c2b-8b8f-f4a86bcd4b6b","Kaleb"
"eec6be98-6fd7-54fc-99cb-dc0ed4826664","Linda"
"a4edbae1-285a-5a70-b08b-a87cc1f22498","Lily"
"8cfe0016-d4b8-58a7-b913-d6296351b8b4","Christine"
"1d495584-6414-5592-9994-11de5f228151","Tamsyn"
"2fabf5c4-3da9-56a1-ab33-a733b7c7bfdb","Andrew"
"4a49bde0-e8a2-58e0-b65b-8af20164f311","Dai"
"10c02a07-6762-573e-b205-e3fac0fdba9d","Tim"
"87877f72-90eb-5fb6-8d9c-a60f664d9c20","Deeba"
"c418e1ea-f7fd-576f-bc56-22fb6a92936d","John"
"c970e6bf-644f-5ecc-ac3a-ad97edaf84a1","Peter"
"68fa0ce0-4673-5739-b0e2-25709470f878","Vanessa"
"d329bbc0-8727-55db-8186-cc7b7dc491f6","Fiona"
"4c4e4330-197c-577d-a5f3-4d96bdf28929","Adele"
"075f9d17-9658-5acf-8874-b4f60acb69e2","Alastair"
"1c9155e1-abab-5e69-9597-03d0d9316c77","Lachlan"
"c93a3c94-5d28-53a8-834a-1a20761648ef","Tracey"
"85a0150f-14f1-529a-aa72-2064c0752647","Amberwren"
"465382d3-f8f7-52e6-91eb-16a5d22485a0","Douglas"
"72a12580-a264-5602-8aeb-cf063b429faf","Lorraine"
"fdbf0e8c-07eb-5203-a609-1b7eb40ea667","Michelle"
"2e03342e-086f-5b93-bc8a-3675ec30c778","Stacey"
"a1a0ab14-4dcf-50bc-aad5-ef425aa7c9ad","Vansh"
"25579416-6bc1-5211-afd2-4115f90aedde","Tammy"
"af86a65c-50a5-5586-a3de-8749e3ef221a","James"
"4ea667d8-6974-51fd-b211-f26d3298f5f1","Hee Yang"
"607718ca-f099-568e-baec-39dd7e2e820c","Adrian"
"ca8e3896-3a54-5281-8587-75fa02db10ba","Richard"
"6a659705-7a7c-5ea2-bbd7-bfb8342d4a1b","Richard"
"6cb324dc-caab-5157-8d5e-db35593f8659","Barbara"
"0d9ca695-5a4f-53ff-b3ce-d2e565dbb077","Valerie"
"c4118fd4-85a8-505b-a60d-fed63247be4a","Kezia"
"f5c20cb1-a0d2-56fd-9f0d-706928821cec","Frank"
"deb767e3-32f8-5864-9b4f-40a8ece16703","Patrick"
"87972ca1-0595-574d-b00d-2ef4cc56275f","Elizabeth"
"ee840bcc-2266-592b-9cde-acd65ac6294d","Sue"
"a0a1957a-f252-55fa-b2de-b1092306164f","Corinne"
"bb4d69bd-592c-5f31-b849-5612433f2209","Anabel"
"ad89bb57-414d-53ed-b838-f6e05f6ec69d","Grace"
"58fd5557-392f-531f-9b20-2bb0b4262ff0","Mahek"
"e531962f-602e-528e-b4ac-b02ed894a839","Oliver"
"f7aedab2-235a-5cae-84e0-4b45b4a2f257","Anabel"
"0f31975b-4f62-5288-ac0d-a1ddc27b7c2f","Alexandra"
"bfef16d9-9a1a-5d82-8735-7a951d5c8c08","Emily"
"2eeaa1a5-88a3-500a-b63a-4a2d60409160","Kaye"
"c12af013-8952-5e5b-9ea1-b0d0cde61a85","David"
"08b70419-b393-5c0e-b2f7-c6ea7372fec5","IAN"
"8996001c-4d21-5d18-91b1-b1e1a47f275b","Sean"
"adba57b8-749e-54c3-9ea7-399ef9fdad6c","Stefanie"
"19262b41-8d3b-50d9-8509-31713b4b98f5","Rachel"
"f750e325-fe77-5f6b-95df-2de45718fb6a","Tammy"
"e4f54f16-6cf8-5efd-914e-aff8d0b1431f","Khalid"
"3589a998-5032-5f8f-b5cd-f9e190768ef3","Tracey"
"aa0de523-8d82-58a9-971c-538ecc8cb7e8","John"
"d7d73c54-7882-5581-ad7f-d87819ffa7d6","Andrew"
"00b58f61-5a7a-5d55-a5b9-265b5570434a","Jess"
"b438270a-1d1f-593f-809d-88f09164ad5d","Anne"
"ddd316af-9737-52c9-a3b1-3be14afe8d97","Vittorio"
"b11ec037-a7eb-535a-8fcc-f5fc444d56d6","Vikram Keertikumar"
"f91339bd-71df-5e8d-93ec-bb848063f853","Emma"
"a49559c3-36b2-5f3b-b030-0dbc5263e4df","James"
"deac6755-028c-5dd6-84b2-98366eb178ad","King"
"db907f24-0187-529a-b014-c5a3332c5f64","Nick"
"62bd833f-e320-56bd-a30c-b289bae74914","Michaela"
"77beda82-9e55-55d3-9cf2-0dd9ae68bd4f","Gregory"
"98a7f40f-ce7d-51ff-9cd7-8705fe4610eb","Anne"
"cdbb7bf1-d7e5-5650-9dbe-17e57e7152b2","Vijay"
"be6514b8-c7af-591d-9b1e-0a61fa88ee7a","Renee"
"518f7afb-146b-5dcc-bdc8-458e4bbcb78c","Martina"
"46a83cec-0d85-51a7-8c44-8b174c25e4a3","Janet"
"3175608c-bd81-5631-9b5a-134f360414e0","Noah"
"4e26722c-b4e6-5be5-b196-f4e6750c67a5","Steve"
"dca2d092-660e-5a37-97fd-915bbcdcc5eb","Georgia"
"19ad2a80-0854-579a-b657-958f310d0b20","Dennis"
"c9df72da-12e9-5e80-aced-34f06dce4ec9","Lily"
"16501645-fa49-5fff-a2d1-22a6af1de80a","Rowena Marie"
"5428c1b8-7085-5c12-a6e7-0d8c63ce1b22","Robert"
"891f9b81-e626-5f14-bb62-5eb71eeefd09","Jye"
"15977b6c-6362-5c80-ad3f-6cba833654c0","Sharon"
"86506489-b6dd-52ab-9c0f-798e9f944fa0","Sumandeep"
"6338ffb5-41ba-57a7-98b3-b53a0b86cf0a","warren"
"086ba787-80c4-57f0-a27d-a5cd8f88d86f","Bhavin"
"a86a4e6c-d482-5856-b852-882201d606ca","Raghavalu"
"2b3e4e45-49c7-59f1-b195-088bda1d37d9","Jill"
"2601daf5-2107-5a95-be64-63dbcd22abef","marita"
"abec8b72-8990-538c-96a1-15310f20ce45","Chris"
"204be553-749f-5575-8e16-ae2b0c40bfc1","Krystal (Fellows)"
"6dcff802-f8e2-5c5f-ac43-5f853b83d7e8","steven"
"9834d4c7-ce50-5774-8c9f-df4258b78a95","Lyn"
"06b16a62-a53a-5e5c-a2aa-6b5108295e24","Andrea"
"fca2834e-ece0-5157-b5a6-3a8411f17219","Jodie"
"469fffbb-73f7-5068-b7b8-4bbcbd23a224","Garry"
"e80db157-07d5-5452-afa8-e6ef54c12e36","Aaron"
"9ff55fd0-99bb-5d51-b954-6d9e01a534e7","Vanessa"
"f20997bf-60e6-5686-96fe-ca567eb47324","karen"
"c6c3154e-00f1-5fb4-8d95-0f0f95248697","JIANPING"
"17cfa5a2-1dfa-5a31-b544-1753084d8a7c","Georgia"
"cdce090f-df81-51eb-b206-a632dc703e1f","Mustafa"
"687463d2-282d-57a8-91c5-6ff4fbc1ef76","Melanie"
"c3208bba-3254-5760-b47d-1348b1193185","Peta"
"766c04dc-6f4b-549a-b034-36bbf81b035b","Guy"
"59f610a4-29a1-57b1-9460-9763a37a1b8f","Cyril"
"71987b8c-e150-5e66-bafb-a7f7f0ae9977","Geoffrey"
"19d91620-c089-5368-9842-a70fed0818fc","Hakoo Shailendra"
"4285baed-ebe1-5dc1-bb2b-e265997764d9","Adam"
"81bb9fb7-1714-5506-a6d2-0d1b919b5600","Mohan"
"c366d03a-6c98-54da-8248-bf17c33411d9","Rachel"
"76c6f247-6fe4-5f42-9b14-cd61ef7acf17","Robert Dane"
"992c593b-5afd-5721-a308-0f54aac71930","Mark"
"7c65acb1-bff8-556a-a622-59c31694e997","Giaan"
"1dcdd5a1-f6d8-5155-8ee2-b8fbbd92b817","Ken"
"192c7125-1573-52b7-803d-31e107479329","ANDI"
"0ff31522-5d91-58f8-8470-a6c823f4b593","craig"
"b8c2b8f0-a2b0-5da4-b693-4585eef5bfe7","Jennene"
"9ec0e045-abb2-5fbb-9021-6454afeece93","Saman"
"2ba5d9b3-ae2c-5e56-b48a-a21cc643bc7d","hayley"
"a69ac04b-d054-59c2-b52e-9b0b8734078f","Joanna"
"c891ef71-99ac-51f0-ac7b-c15d244645d1","George"
"3d01e504-a7b2-586e-8656-2b6a2ceea872","John"
"3c26517a-3645-57aa-a81c-1074e33ae709","Kim"
"7a6b511c-5ee6-56ad-8226-2c6a72476a97","Avinesh"
"a48b76ee-3254-507d-9dd4-26605986efcf","John"
"0de905cf-9bf2-5c2e-b38c-a7d856d99615","Carol"
"a615355a-e389-55ab-9460-16cd19262a8b","Scott"
"6d243ba9-1ce6-597d-9bf1-0185206051e1","Justine"
"c07ba92d-d300-5f5c-a053-0c876f75f4ba","Natalie"
"aed25ead-a165-55d2-8102-4cfdd21aa217","Cynthia"
"56e0cf94-98da-50c1-a149-537704213f15","Carol"
"3800e841-7a8d-5474-80fe-c642d5bf06a8","Harriet"
"ca90c865-4ffd-5b69-85e8-68410893ec81","Cassandra"
"8949dc7a-0801-5201-bc49-19736a375b7b","xiangyun"
"4a639d00-16a7-5846-a089-fb18a11d7372","Zelinna"
"fc08ceae-acfd-520c-a22a-bedbc824cd20","Zhonglai"
"c009cad9-8f11-56a1-a688-7cb9797c5ab4","Max"
"f75d2814-dc3c-5cf7-9271-029fb3967c51","Geoff"
"cb42fa55-10a7-5273-b0af-780d4173ff3d","Kellie"
"d839d119-a4d9-5281-a340-8894fc125112","Daniel"
"f3a55289-dfd8-5ced-ba63-0c178147032e","Tina Louise"
"aac1cd57-8c1c-5d21-8bb2-0273eef239be","Steven"
"65c8fadf-6660-5a83-85c5-8cc35b73f22a","Wendy"
"71e436bc-bf65-5c59-a940-b85aa6c3e13a","Peter"
"16371391-ece5-5aeb-af57-dee9143300fc","Dylan"
"834d3878-f146-5d38-9e95-24c151a75098","tahlea"
"0f52a810-5810-5975-ac71-6bead7c75524","Kirsty"
"203d1541-5eae-5152-995d-94670c94091e","Teena"
"622767c9-e64e-5b55-b416-4174268081f0","Wei"
"b2c65961-7bac-5d86-870e-f6cba32821c3","Eve"
"bea7c7a1-694e-52c9-9b1d-9d687364cbc5","Sam"
"2129fa85-f2e0-5b80-abb5-9d084195f0b5","Williams"
"4701f021-a90e-53bb-8eb4-bfd503054d7b","Colleen"
"2228a40c-96ed-574c-8ad1-967aa65b5d00","Graeme"
"ca23600c-4963-50d2-9a01-f4c8f8df788e","Elizabeth"
"48109f34-b63d-5fe1-9507-5403f7d7e06a","Joanna"
"8002050f-a7d1-5445-a08b-8e34d223fd3f","Brendon"
"c60e4347-f8d4-583c-8492-e4ec4507507f","Wei"
"24d45c33-a7cb-516d-bb0f-92e0409b33bd","Sung"
"3b203ddd-e782-59c7-9153-cbaad69b3d55","Mitchell"
"046465a9-7764-5f78-b659-0a34124081a5","Dominic"
"0f09105e-cf80-59dc-8559-2ec02cd62c8b","Diane"
"0cb0b65e-c891-5899-a75b-39073e01e765","John"
"d26e228b-4800-5e54-8216-1cdec60b4c81","Tamas"
"88081ff8-c3be-533c-b1f9-6236227099ec","Max"
"58b4e8bf-0c13-509a-afdb-b6faf49f8187","Michele"
"c9715cf9-d1ca-5876-a52a-3ddaab59f78e","Julia"
"c2119ceb-32b3-5a03-b662-f182f4139f8c","paul"
"58cd5a6d-4dd7-5537-a4dc-7be15c48ce5a","Carole"
"4f751afe-e0b3-51e9-b199-8fefbe26d0d3","Xiaoyun"
"dab55b51-5e88-56a3-a357-24b8da289792","Kevin"
"45454624-29da-5366-aa1f-2a5bca855e21","Julie-Ann"
"6b1aeee9-bab6-5a56-96ff-8e6d86645551","Anton"
"2e410d22-6177-5d61-88da-e4d51fb6d602","Elizabeth"
"0cd3ad8b-c572-50b2-8031-114344fd57a7","Janice"
"959dbeb0-2c8c-5fda-a1fc-01824012a06d","Graeme"
"22d78490-1b63-57ac-a325-3302f6796588","Michelle"
"4a274b3a-aa1a-5409-bae6-257eccb0bfe0","Robert"
"4fa69299-42c0-5c7e-9d52-098e18c65f86","Ling"
"321130bd-7cd5-5f4a-ae95-fbb785fda666","Adam"
"67fc9c30-6fa7-5bff-8d55-14ba467b2b3b","stephen"
"8529ca72-276f-562b-95dd-640316c7729d","Janaka"
"fd21798a-fd39-574a-b812-87a3f43b7f8f","Alexander"
"6f316bef-60fc-5998-909b-50fe3f1050e2","Hanna"
"ea722793-37f2-5605-bf9d-ddce753ea07a","Charles"
"baa222c8-1f6c-5813-aa92-0a4b59d79b3a","Clare"
"35a4ee24-50f5-5ed2-b586-30af9467d4fd","Beau"
"a050037f-3296-50d7-89f2-f8d09be4044c","Robert"
"1946f56c-4791-551f-aa19-a79ea371d279","Jacqueline"
"584dd86c-816f-5ed5-b76d-2f747b76246a","Saoirse"
"a1a6cbeb-69fb-54bb-97e9-f7ebba741d96","Daniel"
"f1665e6b-8d85-569b-9342-386327f494c5","Carolann"
"a9933aec-6ad9-5188-a7ed-0ceb4763c93c","Sylvia"
"c17a7db9-a1e2-5e87-bd25-49931f9a61c6","Michael"
"836f2097-1a38-5ad0-aada-329f3bd8a7c1","Mary"
"a7744a75-0d84-52fb-a332-ee502e84892f","Lyndal"
"3f425811-4b28-51e3-b6da-1d1a5c52c9ba","Paul"
"6b404490-27ae-5055-a7e1-df724064175a","William Ritossa"
"18e82736-1590-56d8-81fb-92833f43375a","Jennifer"
"2b4be46c-7fcb-5fb9-b0ea-ca9edb9a6af2","Ruth"
"487ef171-57e6-5e49-a2aa-952ec1aec4fd","Lynda Deanne"
"c6888fbf-0383-5aac-8951-8d266e05ba3a","Don"
"cd15c34b-245c-52b5-aee0-027a49c6b426","Michelle"
"cf24eb9f-ea1a-57ba-b77b-7c2885a960bc","Nadine"
"d5dd9a0f-4ea0-57f8-80ef-d3da7025055c","KAREN"
"16780e0f-9642-51b4-9f5a-5330c9551072","Joseph"
"8753da83-6e38-58b2-aa64-1b580a7aaf18","Patrick"
"7e304b84-18c1-5874-8f5c-f7fd43913665","David"
"b469bbaf-9401-5fcc-844c-3211ee8c55f5","Maria"
"09b2276f-b886-59d0-9ece-50aa8c007132","Tony"
"597a3d0f-080c-51db-95a9-899fe432c321","Emma-rose"
"38791586-e867-5b8a-8263-9e717df360e6","Charlie Ronald"
"74031584-a1be-52a9-a768-f61e38a2e5de","Edward"
"a1f1ca1f-25a5-546d-9b2f-f74126ea8a6a","Vikki"
"2f771fd6-0d9c-5098-be24-56c28f63c810","Jacob"
"ef14d6f9-f350-58b3-9655-9252bfcc2aaf","David"
"ed1cf6c8-25f7-51a6-872a-95d6e7996ba8","Robyn"
"dbcb2fe9-f704-5a28-8156-a4eff3c156d3","Melissa"
"df7b0b99-e2fa-5cb5-aeae-9ee4f12f543a","Kenneth"
"4538d615-24f5-5c48-8cee-c80225d048ce","Ujala"
"60db2483-d64b-5461-9d44-8db84ae83a7e","Leeanne"
"1d4eeb01-f585-5984-86b4-126752654994","Shanita"
"1f7f4fda-5edc-54a6-9ea9-881a07bbec71","Fiona"
"1fe6aa78-703c-5bf4-b35a-9a6921507b4d","Paul"
"d93566ee-4ea6-538b-9d84-a3b7bdfc2d8a","Benjamin"
"ede0cbf8-bdea-532f-831f-26237d6d4089","Anne-Marie"
"8eadbcdc-afd7-54c6-8581-52ad783889a4","Lynda"
"ac11ee24-124e-5a61-a820-9b9363a489e2","Pinglan"
"e8200c5b-6d1d-55f1-8c3b-0e8e10f9a314","Warren"
"c9c51dcf-2dff-568d-b0c2-7e2603e91bec","Hailee"
"a550e4ee-7df8-5bef-820c-9840989d70c3","Jacqui"
"ce6c1593-fd3d-5d4b-8af3-f1fd4e7654bc","Roderick"
"5b0732fd-36cd-56a3-8d31-94a7997e5368","Anita"
"69bfdaaf-3e6d-58ab-87f0-d4a145f1d736","Cathy"
"9e0fc2df-cc0f-5f8e-836e-b2086adb332e","Rebecca"
"7d5f1204-5d99-536c-9c0e-2009937c8308","Elaine"
"d81a20fd-01d7-56ae-a36e-613d80d14b70","Ryan"
"ac764ec1-0505-54ce-879b-10772896c833","Naomi"
"a68f305c-0592-5e37-acfc-f5d48257f2f4","choi"
"dfcc4c24-4f1c-5f43-9898-b79ea7277843","Andrew"
"2e53e4a6-68f9-5b7a-a18e-9b76af706174","Sheila"
"96af9660-837b-5e40-9dc8-d18a8bea172f","Jayne"
"bf823f86-e995-5483-bd91-0ff2ef9c98ab","Sonia"
"7e31a9a4-fea9-5dd2-b0c5-583b0177d9b3","Brylly"
"07efce21-3397-5c5f-94bd-f5bfbe577e4d","Linda"
"5ce7f0c2-98fd-5b16-9584-227b727a2c4f","Naomi"
"989b04cd-e56a-5456-b2e2-819b9ee9f397","Indusekharan"
"fb194125-e0bf-58ae-929c-f2e0c5cb6b0f","Helen"
"b32ef8ce-5147-58c4-835d-f6fcde8fcdfe","Quoc  Luong"
"f1c03f9a-648b-58d5-8489-7bcb9eaed4b7","Donna"
"ac203d5d-698f-5d81-9095-b55827878c34","Madeleine"
"4fd60091-58fa-5147-9f66-206ad659c549","Sierra"
"9ff7a34e-5cd1-5157-8cf5-d07c42d3f90d","Suzanne"
"7b5e44e0-6f65-5217-84a7-13796d506d4a","GERHARD"
"4d9af682-1454-5bbf-8532-7c73481e6b28","Lesley"
"b279d887-7f8f-548c-9b49-155d2e95f14b","Bridget"
"3cb32277-fe5b-58e5-8a04-3651fd4d2315","Angela"
"556d1c3a-de02-5e69-9a3b-fc9125d8ef81","elaine"
"a566c499-63a9-55f2-89b9-d526be8c41eb","Nicholas Chapman"
"a14114a4-319d-57c7-801f-18a4500a093d","Kathryn"
"b41c3d8f-679e-57ac-b204-cfd6e4b65128","Bernadette"
"f342def9-119f-56e0-ade0-d35cdf5aa0e5","Mark"
"7586522d-087f-5c94-bc05-5286647e9bdf","Marco"
"dfe04514-8ae9-5369-bf84-9c6f6ee149c4","Anoop"
"8ff3ac82-2785-58a2-af2e-434592d37d36","Skye"
"faf2bdfa-0a9e-59c1-8f5e-ecb57746ef8b","Mal"
"669bb023-d24a-5030-8ad2-370b812cf422","Nicole"
"38324918-17cf-5f14-8535-9a7f9c25e6e7","Aletha"
"bffe0421-be7c-52bd-bdf5-fdf658c0230b","Maria"
"d392021a-ce54-593b-8860-873bcae59dfa","Amanda"
"482090bb-daf5-56a3-b3ca-31e1b0be7589","Melinda  Jane"
"5264e50b-a204-58ab-9506-dfc8760fbf96","Geoff"
"d538457e-9d06-5ddd-b674-e1021c394926","Jayne"
"96c2818e-1164-5ea6-99ac-979ff5d23ef1","Kim"
"cae83931-2c07-5051-b9a9-8e528cb82387","sandra"
"e0fed215-6295-51a7-83bb-1f51e2153843","Wendy"
"a9d2c50a-35ad-544a-841a-b68a5da24f3b","Adam"
"7d2cb261-512f-5724-a3b7-fdfe111241c3","Joy"
"81e28936-448f-5cf0-bb54-3baa713db381","Tania"
"301c19ef-8343-591b-8318-b91fb9998c4a","Paul"
"9c31da85-1d5e-52e2-aed7-2bec938ca9cb","Angus"
"52f0b0eb-5295-52b6-85d2-98c3c236143b","LING"
"2d1cca07-05e5-5608-9fb3-e2bcf27af4d0","Maryann"
"6dc8ae8b-469b-5bf8-9076-f4cd3f4ee392","Craig"
"212941a1-2608-5888-ad1c-dbb548b73457","James"
"8370b597-26c1-5986-ba47-9540379e1169","Thu Hang"
"0368222f-8889-5848-92e0-82659720b76d","Donna"
"6a63fdfe-1c9e-5659-b14c-748985d3c478","Bob"
"2ae41c27-9f9e-5c28-ab1e-680222189a7c","Nicholas"
"0f40b168-5676-55ac-a1f9-4536734e5746","William"
"6e7facb4-3ac8-5842-8e4a-d6c911fb4f95","Aliah"
"3f8f5b88-bf51-56a8-bd15-76ef260dcb95","Slennan"
"29e7d858-aad9-5955-bea2-ed700614ff0c","Elizabeth"
"41f42f4b-f8d4-56f1-8bc0-0d8e9e3d1f9b","Clive William"
"8765319d-e78a-5d6a-a754-8a301f5879a6","Tiffany"
"f30589db-0170-5087-8362-9d00b41668dc","jan"
"2b17206f-fd9c-5b01-8875-c390dc088f87","Cellena"
"115e1192-4b73-553c-9a54-7278fd4d2fa5","Harold"
"f4b1dec1-5fd3-55d6-a791-4e2114ec2829","Nicholas"
"04d95af5-34d5-5d7c-9182-922ad2482819","Colleen"
"e399ffe8-a92e-53f5-9c19-38bb7cea6ec0","Lexia"
"b7722180-c950-532b-8355-4138b5a31afa","Tayah"
"180a3a99-c266-514a-bfbb-100077e8adef","Jonathon"
"b5052064-5d4f-59e2-9a35-53ce938665e7","Walter"
"0f8dc11e-355e-5b1b-a6dc-6f4e5fbf7e9a","Ryley"
"1228f40a-f0b9-51fb-941b-424cf53584f9","Susan"
"1ca5ff4e-de75-5c9d-ade8-8d3600f15bcd","Margaret"
"20191c4b-1f45-5462-83cb-165d633eec38","Mellisa"
"2919daf3-9e49-570e-bb2c-f25e5ceb471e","Pam"
"e02e3964-b3e3-5fa0-b818-a9b0e65d3a1b","Sam"
"54e7f8a2-02a0-5398-9498-a07f626f75aa","Ryan"
"d75b196e-2ea0-5460-994e-e903aa2515b1","Danushka"
"738841ba-fdea-5383-86ee-d0de5fd0783f","Austin"
"79d99218-9b90-53ab-8f3c-b25cb3013fcd","Ian Alfred Sylvester"
"d19dad36-2b41-5b6d-99d3-4f388a96bc1f","Kevin"
"6b9cf4d3-0c8a-56cf-a470-0f0de0dd7776","Carlene"
"7900b5d3-dbc7-541f-b573-33c0bcadd42b","Maryann"
"30d7c389-7980-5b4c-8a6a-c3799ed27473","Peter"
"9d2e6207-a2f4-5d28-822d-891ef7516c88","Annabel"
"bb2894b3-8c83-5d1d-a3fd-dbf3e6ed5ddc","Muriel"
"7b4e3aa1-9ff4-5c56-b469-a44b0e27caae","Ellen"
"46a9729e-4d4b-548e-9d83-1762926782a8","Marian"
"c9c11880-e737-5c05-83b9-37ce01439528","Jacqui"
"508a6d31-d8d0-59d2-a14e-24e215fde7e0","Paisley"
"061ebbd6-141d-5858-bd88-1a6d9598341c","Michael"
"3d16b9ee-c56f-5ea1-a564-7ba59af3fc30","Peter"
"e5d62a53-870b-5737-9a09-58779513d228","Ln"
"287217cd-2e70-5939-a2e8-434fea58357b","Az"
"fc3f5a5e-6bea-5669-a946-eebc226e8999","Kym"
"d981a7c4-484c-5d8b-8f8d-1cc47eee59f3","Nicole"
"58343ed3-c0e9-5e9b-8a18-a4b8f8d68ad4","Noah"
"37f97295-1ded-5ec5-b803-5fe9c89c865c","Susan"
"37dabe01-dd47-5d43-9930-d7c1e11b4d71","Simon"
"d7fe66c9-56c0-5bb2-9f3c-252368a594de","Graham"
"94e56bd5-0c5c-51c6-b7ca-21f6988b48fd","lingyun"
"d4d26792-d702-50c3-80a2-8d3ae7c298a4","Lindell"
"96bf4882-f96d-5957-a092-0b1b6ca09063","Robin"
"97a9b38d-9013-5513-ad3c-9312de3694a0","Margaret"
"fd267a11-922a-5119-a4cc-f490232f4594","Jacqueline"
"f0c5428d-4e07-5803-9ec4-6d7992191172","Richard Matthew"
"21399598-1b12-5366-b13e-1409a6d2a808","GLENN"
"316b8a25-72e2-53c4-9adc-2b24bd2ed292","Amali"
"9d540451-486e-5a73-9977-ccea35156bb9","Joan"
"b9d70ce0-f900-592a-94c8-be29e498fb27","James"
"d5904c05-7191-5539-aadf-e8668653615c","David"
"bdeb8705-acc1-5577-987e-5867dc5df935","Adele"
"bba62742-4cc3-5e15-87ec-68df2f110f95","Joseph"
"bec6e1be-924c-52cb-add6-07eabd7a247e","Lucia"
"a27a0746-90f1-54d1-baf9-f377e763a575","Humna"
"27fbc808-a68e-5f27-a5dd-7f006ed55949","Michelle"
"b1f69411-d7e2-532b-b6ac-da0010a07b48","Tara"
"80411840-5400-5b03-a5b4-84261ba5ddbd","Leeanne"
"ffe3c46a-dc47-579f-a80b-e3e867f78933","Peter"
"00904932-95ad-53f2-8a85-c5ad1ea604aa","Lexine"
"a7552426-c523-5429-a5df-5c5852cf82ab","Amanda"
"8a2bfabb-1466-5d73-ac7f-6384e6e4e1cb","Elizabeth"
"5255b57e-ca0e-501f-a7d0-3d82278bc2b9","Alex"
"01115d55-cabe-5878-9537-10b266bf8854","AMANDA"
"3d243214-38ba-570d-af75-91fb27b4254a","Sally"
"72684181-5eef-5011-a74a-45f49020c263","Justin"
"042569ad-e6ea-59e9-b160-7e41e21e4df4","Giann Benedict"
"b178008a-3aa7-5fcd-b6d6-0d29cc653571","Peter"
"c014020e-973a-5c3a-a89b-f51d2aa34353","Derek"
"1ad2545f-962c-5b5b-b419-9fc12b00af2a","Colin"
"90598cac-7dc5-5473-8286-98da2f8e27e8","Gregory"
"031f5ea8-7f95-54c5-b1d3-207ad69029dc","Rose"
"88bef875-9abb-5a45-864b-ccb1ee02e3a7","Henry"
"4c7c7411-8c1a-56d1-b2ea-c9a74b78960f","Andy"
"92cde76a-048b-55ce-904b-1705de2afc33","Sowbhagya"
"80dbdbbf-33ad-585e-ae28-36a0147e1d22","Joanna"
"1601bdf0-3302-5dbc-9102-7ec96eb01878","Paul"
"e579ae89-b698-55b6-aa04-923486c0d7a0","Kelly"
"e6e0c965-f167-5f36-bfdf-edb03b018206","Sarah"
"aa7e8bef-13bb-5ac8-b96c-80bcbc760356","Diane"
"3c6115cf-a620-51ed-a007-00f5939cf98f","Russ"
"ee2f8fab-4611-50df-91b2-63554b7e7131","Stephanie Doris"
"51871b90-517a-5df1-a8c8-42998a2d94a2","Rebecca"
"6570044d-7f5f-57a2-8b78-b51d15702695","Natalie"
"3ff3ebcd-6b7d-5d85-ac91-e1afde212a00","allegra"
"9279c086-ea5d-5d83-ad1f-bcbcd70e1f38","Robert"
"e13dce15-bf83-5a09-a2eb-ab4ce2fdc9e1","Netra"
"cb33bb63-8738-5f37-80bc-71e75fa2fb2e","Karla"
"489fb977-b592-58ce-b0d8-a8772a15c5da","Neill"
"840c1990-367c-5528-bc2a-6c5e68675f02","John"
"762172e5-71a9-5c5d-837c-efaa7d64e321","Christine"
"cdf7ed83-413e-5dbd-baad-735f0e312d68","Desiree"
"3b613ac1-5288-503f-a6e4-b460fef549d5","Jeff"
"b65ff8ba-1e84-5068-a275-afbccb8274d7","Leanne"
"d4bb1d11-58bc-5177-8a29-5156e4b6f7f7","Rafferty"
"d4153a90-d72c-5d04-99b8-1cbe385783f4","Alex"
"27c9e72b-c350-579c-9286-822cf01f713d","Karly"
"1e30f681-07db-55d3-8c92-8a276be27158","Rohan Craig"
"564e1e79-d74f-5279-92ba-62cdf24a032c","Angela"
"713273e6-2ab3-57a3-a315-eb41dd0a5a2f","Lisa"
"5d5f9ea2-f953-533a-92c1-04f0669eebee","Samantha"
"7cd3bece-3714-528a-afb4-7a8e5afdab52","Elaine"
"0d6d5ed5-3884-5d97-9fbc-57cac7f831fe","Maree"
"b6bdf7b6-94fa-59e9-ac6b-1954f0b28d28","Bryce"
"375d4d5f-7dcd-5cb3-b54b-cecf6fba7d7b","Bronwyn"
"e3a705cb-8444-5bcd-b2df-0d081b31a560","Andriana"
"f67e7bc5-4be4-579c-ab8d-350d543d9c92","Ray"
"175d11ad-81c7-5a92-8ce2-4563e27b12ff","Madeline"
"e687d20d-f0ef-5a3b-a402-35c1d3af42d3","Julie-Anne"
"5aca1725-f771-5004-8d6e-3f31d092fc69","Hiruni"
"6d4a9090-89e1-5ad0-9a60-a4e27adf2676","Helen"
"0117b11f-f8cc-5bf5-b84f-a238413542d3","Amy"
"7128a945-1fe6-50a9-ad99-8ef258573358","Michael Thomas"
"c0da82cc-b93e-5e52-96e1-4603b9ce0ee2","Daniel"
"4fc5d75c-9e61-5731-b299-662ac0528a90","Rodger"
"97e7ca4b-68da-598f-b4c5-e008a195af5a","Manuel"
"a80e3bc9-d643-5759-8944-e0b62e4224f7","Chris"
"7091dfb6-43fc-560c-aa26-6d4a09e37357","Blake"
"f576c5e8-a2bf-536b-ae05-9c8a6e2ae527","Paul"
"6360e675-b0fd-5748-906b-037d91773496","Graeme"
"991de0dd-9782-58b8-8227-e9445d7ebc44","Gregory Malcolm"
"6a4f5d61-2f18-5123-92c8-5242c6c2347d","Heather"
"7e234d5a-ec2b-520d-aa59-39dfac6c1aac","Coralie"
"48869ad6-511a-5498-afba-e6a299d67a7c","Daniel"
"10f4c8c6-ecfa-5021-ae04-b4e41095c5da","Ian"
"2a740351-3f1b-5b49-8ab3-7589560983bc","Brendan"
"78a21904-c418-5433-bdca-b6ce496e414f","Stephen"
"2e6b8e04-f9a9-5f09-b426-10250b99952f","Mikayla"
"d29ebc5c-201e-5fdb-b5eb-ceb5f297040c","Cynthia"
"ee326fb8-1c27-513c-9bc0-d359d812bae5","Luke"
"671bd117-ad1f-53fd-a306-ff94aec080d3","Elliot"
"089f5fcf-f204-5bef-8a16-d84eeee25e2c","Richard"
"fdeb876e-c004-5c21-9d6e-4d932e978024","Brian"
"a892f49f-6fad-5057-a855-d583f767ecb2","Jennifer"
"8da01f00-917a-50e4-8589-78a60af98bf4","Heath"
"e51c2edc-d074-58e7-9a66-e4494ef79d6d","Sarah"
"df704338-c244-5528-bd70-f78d8d32d3cf","Peter"
"5c8a2b01-99ea-5a37-9330-84aa69e49ebd","Stanley"
"86739f6d-d7e7-587a-bbad-f28f64f4a3c1","Paige Marie"
"755c91d9-358f-58a1-bbf5-fc553990b427","Nami"
"d2686814-06dc-5d4a-b0f4-fecbac15fe46","Karen"
"1583115b-9903-5edd-9c9f-41b6991cefb0","Clay"
"7b0ed7be-b49b-5588-9cbe-30c23f4f0b0c","Imogen"
"ff6bd9b6-6d59-5c44-835a-d5ab2a5078e7","Thymen Ietse"
"9d0cd36f-9d41-5420-a974-e5d2d91d767a","Malcolm"
"b870fdea-a682-5168-94db-bd920319fc97","Hein"
"2672a9f5-2873-5ed1-9bd3-61b87d845476","Mahendran"
"971c8296-e196-5341-835e-55c0fb905707","Brendan"
"3af16960-4b7a-5aaa-ba88-1824f6bce747","Richard"
"a21456d6-7646-5059-8276-f3b8130438a6","KERRY"
"96a51c2f-0440-5105-983d-a54015b3d277","Uyen"
"dffca45c-1ccf-5110-8731-9b181008a8bf","gavin"
"86d067a0-4bf2-5479-8cf3-208107d49877","Paul"
"45f3ffe3-a236-5118-938a-c15c3db0bf9c","Brittany"
"f1d423d9-0a0c-56b0-949f-98bcb1cdcf39","Stephen"
"6222a0de-fca6-50cb-b690-6ae16f5efe32","Lisa"
"666cbb21-36f1-575e-b347-d03b033060f4","Robert"
"9fae5a2c-b02c-5703-a931-7e6fdb0c0a11","Nikki"
"ec3fdeb8-1ba0-5ab0-8c92-c933b11c23db","Brendan"
"589f8d0b-60ad-5dba-8a0c-2f77534f8c57","Julie"
"80597195-6eec-52f4-8d9b-664fbfd08d5c","Kassity"
"3f4da98d-6f2b-5652-a5d6-4f27c0a7c498","Chris"
"ff01c948-17e2-5de8-865a-9bd1db6a0881","Craig"
"0ecbd471-165a-50b8-b519-013ba77ed9ca","Dianne"
"52a3e488-fd7d-5df5-a293-268a08f73ae8","Georgia"
"594dbc7e-4e8f-5d01-aaed-a4d4a9f4107d","Ash"
"518648b5-a011-5deb-85e7-3d2c16c2d0d4","DAVID"
"e894f02d-703e-5bfb-bceb-9158a2b0b9e0","Seyed kiomars"
"7425ab65-d913-5a7c-9447-38faa7bba4ee","Lilly"
"58163258-82b9-515d-aff2-59e5c53a27e1","TRICIA"
"878e0d5b-f61a-5991-b1d2-f485142296c8","Aaron"
"5dd26d91-7021-52b6-be17-64aea9e56763","David"
"1cf83ec8-d8df-5c33-a3d9-2bc402ceb69c","Lani"
"7ad8d843-7fe8-5ef3-bc96-ca1556a16fce","Marcus"
"a71db375-8def-543d-a350-a59cf134c2eb","Charlotte"
"6335d7ff-368b-51e2-a316-aaf4578a4ae5","Bonnie"
"d00b34e5-efea-5c09-9e15-aa449281a85d","Jillian"
"85b2bb8f-217f-5f7f-8dd6-e714eaff0210","Bruce"
"e38cc599-9dd3-5733-a487-46ac0aafa9a5","Noel"
"fdbbdc08-85bb-53d4-b5ce-7432b84880a9","Phillip Anthony"
"1c7895bf-1aec-57d3-89fc-f0fbf8ec47f1","Brendan"
"3bb21b19-027d-521a-9401-6a84fbc9f006","Christopher"
"7d9c8f8d-6adb-5135-bb72-7e681f39ed3e","Brian Whitefield"
"57130abd-beeb-5a8b-bdda-6cd912c97ada","Belinda"
"32d1d537-d1b1-505b-b4b7-e28546ac2b18","I-WEN"
"9078c2ef-4c1d-5e89-b939-b871096fb885","Cecily"
"7902c1f7-e914-5cdc-a258-ac28b34e33aa","jessica"
"92ef4d65-ab2a-51d6-82f4-599d1f31cb03","Colin"
"cb18430d-a8f7-5cc0-970f-435b99d564ea","Megan"
"e2ddac36-b331-567c-af04-0f60e731bcc6","PO-YEN"
"6289aa67-0f88-5076-9d74-93776362bff0","Jeff"
"4f2d7157-e307-54e4-b6a0-2496a1c1f9e3","William"
"e8ffee4c-d03d-540f-8f95-12c2f5dbaee7","Julie"
"fd5611a2-775d-5716-b936-bc994e0dfc00","Jenny"
"0aaad15d-45b8-5121-b1da-ededce479104","Margaret"
"e10a8967-ab52-59fa-ac19-b0699f50d38b","Melanie"
"f33fc193-0838-5dc5-9f66-079223b2040f","Kottal Badde Gedara Anushka"
"e4618caf-37f3-5730-94e4-dd447a3bf25f","Shirley"
"50d7b8e7-e08d-5c7b-b788-62dced9864a2","Joey"
"4b4ef985-e4dd-5e4f-a1af-502ffce641f2","Tennille"
"183feff8-5dde-5727-b42b-3a9b7d8e9725","EVEREST"
"b1c7cfa4-bebd-5bcd-899c-01e6cdf4cf2d","Dipin (SPL)"
"f378a4d5-893d-5974-a9df-941afc741ec5","Ashleigh"
"32c74a7f-8c22-5eeb-aa36-c0efc7d3d0f8","Kirsten"
"c9fe8945-979b-5600-9053-99f5ae8e327b","Blake"
"22dd4ec1-ed52-57f2-bf71-c9a978d38088","amarjeet"
"d9a3a7c8-392f-5e50-abaa-9731b95be4dd","Justin"
"317a7c81-92b3-53fd-a22d-5df331526a99","Phillip"
"4e2ebe0c-adcb-51f9-ba57-01d5ad47ab14","Suzanne"
"6798678e-020f-5926-ae00-e193cd68c231","Nicole"
"1ea394cf-1f7f-5b4e-a34b-587deb237076","Lesley"
"b5646d7d-a65c-56d9-b75e-58f97ee1a34f","Jessie"
"e4307fc4-d637-5254-86ed-5b83ac5e3b87","jagroop singh"
"5feef161-c0f8-54c1-be62-5e3692bcd87f","Christine"
"388fc5ab-f6a2-51c8-bae6-e6b8030fdda3","Melissa"
"72bc6b05-388c-5420-986b-09dfce95a505","gilbert"
"4f23efa2-cc3b-5006-9f39-c0517a20dd37","Matt"
"6fd344c4-ffe7-5bc7-a035-cf3ed62ec38c","Gary"
"cc26e4b9-4dde-5e0c-92a1-506f20dabe23","Chloe"
"9b11f97d-e495-54d4-99b9-07b856cc2809","Melissa"
"03bfb463-07b9-5fbe-a621-24ec44404120","Travis"
"32c10613-5008-5e87-914b-9b45cfdca28a","Suzanne"
"443f813e-3664-5ad2-8c60-a17292d8cd7b","Dianne"
"0b6d8fdb-1ecb-535c-b18f-f428fbb7e3c5","Hunter"
"5f8d376c-09ca-50d1-9424-a4c68b5e933c","Vicki"
"a4d392d0-0983-5d2d-94d5-7d5761a15cd5","Amy"
"6ef2c6bc-92ad-506b-a2a9-33f72cc02939","Gerard"
"c9d67cf8-df10-5307-8ebf-51c141a96925","Wendy"
"8761fbb5-d5ac-5826-927d-ebed4fa7f8c3","Julian"
"390f1e9c-1921-5e36-845e-d773c01972f5","Rubani"
"4a1aaf72-01a9-5f87-a62f-5ab7ec4f01ca","John"
"c84579cd-2e3a-5cb1-a748-7e1a956a096e","Emily"
"cf36e24f-919a-507b-9999-f90e8dd3b9ab","Mark"
"e2d9572c-83e4-55bc-8c82-6ba653ccb9c3","Karin"
"565f4235-7c5b-5734-872e-424d1f93a9ab","Jatin"
"6c4a89cf-7e71-5eb0-8622-440467cbe9ef","James"
"93af4049-5a7d-535d-94d1-a05d922a2660","Darryl"
"1e89cad5-c19a-5b0a-afd2-85f277966948","Eleni"
"d4e2a588-b3d0-5b36-b5fc-910713b8e202","Taegan"
"881f62b2-3879-5143-9386-d66aeef3df68","Courtenay"
"c7f340d5-dd1d-5b8c-ab1f-334ea749995d","Jovanna"
"348ffef7-ab6a-52c0-afab-da51a1373c77","Denis"
"51b86f70-8bc8-5458-8d2a-de19429f7cd6","Pamela"
"44224fab-a58c-5f44-b3d2-fc5e141f537e","Michael"
"be57e8b8-fc58-5d61-afe9-aa21fd700a5b","Natalie"
"914ba474-9922-5f34-9ce0-60cee86f7e75","Adam"
"ef414b2e-6b48-529a-b60a-3794f3ea3515","Keith"
"06318e83-c2ec-5318-9e25-9845beca5abd","cathryn"
"3214f3d4-285d-58e5-be05-a30cb4f08a22","Jamie"
"d877fc9f-9eaf-5e8b-bcb7-9af4657fff99","Travis"
"079f4487-aff9-521a-8577-911850bdd5ea","Michelle"
"b75672a9-2941-56fa-a824-2507ea805d23","Angelin"
"a378b323-e22d-5f59-8083-12034f8f2d78","Isabelle"
"62c61fe3-4338-59ec-9f4f-118d25ef89c8","Allan"
"59b32289-ef91-5674-9726-04122df087e4","David"
"e30e76b5-bb83-58cf-b700-b325139026e0","Leela"
"a7ae5251-7125-5c44-96c1-91e4493de3cf","Chris"
"5ed37241-f1e9-5e5d-b802-81263b2d8da7","Jennifer"
"3fbe166e-94ff-5930-93ba-8e5801dff6a0","Liam"
"611cb963-6541-5f92-94e7-6f0ab4bcb51d","Cassandra"
"b2fc711a-3a0b-5462-955f-676a38c38859","Janice Ruse"
"5803e571-4ccf-5599-957a-7a42185ecfb7","Cynthia"
"976df8b7-5626-5a9f-85ae-169f71177b53","Maria"
"359e9c55-0cc2-5af4-90e7-6da974c45615","Matt"
"27140b7b-274d-5840-ae92-88d2b194f5b9","Bill"
"4b3e21bf-134f-59ff-a35e-f40042c1f60a","Courtney"
"edb76fad-5b2d-566e-aa74-528a10236c18","Hugh"
"66df7438-bbe2-5c69-b4f7-75a672850153","Tori"
"fa0aff22-974a-525a-bff9-05a7faa09e03","Mohamed"
"4d0916f1-834f-5d4d-b8d7-d86c87897a24","Jordan"
"ecf73c65-40bf-5f50-9a5e-200112b8142e","Phil"
"8a25109f-8667-5be1-916e-0bbdf0a4ccc8","Avril"
"e88623d6-1326-5e28-bd64-a9604fd84b04","Tracey"
"673e1717-33e3-5275-8dea-8ed45e26b678","Felicity"
"89f2addc-63d3-532a-af85-23dbac523c6b","Harriet"
"b8b5fc25-29b5-5987-8bdd-82a6cc77645a","Ryan"
"5e07c7e5-0c82-5227-bc4d-2dccae39370f","Kim"
"8a1bd24b-1d22-50c7-83bd-1436428baee8","Adam"
"475aafdc-cca2-5631-8aea-9451cae4f6ff","Vicki"
"28e3c44f-b8ec-5cc8-860f-0135210ef880","Christine"
"b52a5d14-ce26-53b9-a444-a9ab75e1c82d","Colin"
"df761cf9-642c-5f42-8c9c-ac2002950bd6","Donna"
"5025555e-fc47-5e78-823c-498c248dcf0c","Tat Wing, joseph"
"8f286b76-fba0-5ae6-aaf0-567137040ab8","Ken"
"e360fcd3-5727-5701-ba7e-1e0d474c2b5a","Merildene"
"9260313a-eff1-54c1-8b6e-c47290a84e32","Zak"
"5ed2ea04-9ee8-5c65-b1ac-d2e974ddfe76","Vasko"
"84646d14-709b-50b3-92eb-84b3687ac6ad","David"
"d1cc52e2-53f6-5cb6-bd04-0323e3d15bdb","Alyssa"
"12525b11-4198-5b49-b9b6-f4c2cea2b2b4","Joyce Isabel"
"c20ca678-2cf8-5c5d-ae2c-13555548f1a5","Denise (SPL)"
"9f78cd95-2dc3-51ff-a14a-f86983f833db","Renee"
"7a1237a4-430b-5ebe-8365-d23b2eba9b6e","William"
"909f150e-7205-51fb-ab40-3ce0da0e75fa","Ranjita"
"849c7be7-1fe1-5671-b42d-ce8bf799375a","David"
"92f7110c-42e6-5bb5-ad47-4696e04cdcd6","Ajay Jose"
"8867508b-69e2-5088-ba68-b26d34fafdf2","Anthony"
"509ddc99-928f-5d67-87b1-9e5ec5b0b67c","Toinette"
"554a8388-8211-54dd-96e8-8adde6d48128","Caitlin"
"aec9014e-aff2-5f62-a3a4-8ebad4a4a164","Grace"
"8500d436-6a52-5bc2-a4a3-18ef8213bbf8","Ada"
"fce98d84-d7c5-54da-b259-e8aa1ad1fb5c","Amelia"
"05e6b0ff-c481-5947-81a5-80a4c96e1aef","VIGI"
"f48d00d9-f8e1-50a0-9b52-97f4dbc6e10b","Leanne"
"4e0dcd14-973f-5e00-8031-341c99f76d87","Kate"
"79b0f0b9-4760-5257-b811-d40118ada385","Gabrielle"
"38c71897-f291-5936-87fc-e5317224128d","Sonya"
"8caa92e9-e969-5cbc-b4f1-952d4cae6948","Gerhard"
"1e471916-a4ef-5e93-8ed3-fb8ea7c87ac4","Elizabeth"
"f52b454a-86bf-5065-9576-d11f0142bacd","Patricia"
"1f546421-9926-5c7c-9cc1-30735054ead7","Deborah"
"f7af8a02-1c2e-5755-9b81-a7348eedf87f","Patricia"
"bd1ea706-1d68-52a7-ba4f-16d018a5c52c","Kate"
"4e02b778-c1e4-5cae-a8d3-402d88d9e13d","Shelley"
"7d2774f3-a032-52c7-b389-dbae354ec99e","Christine Yuet Har"
"d8087978-d960-57d6-ae95-f6ba783bda65","Susan"
"a1f98bbc-ec91-5fe2-9e8f-83b55ed5a94b","Diren"
"08a1b9d3-5ab5-54a8-aa83-7000377580a9","Luke"
"35470431-235d-53d8-958f-cc99db843628","Nicholas"
"c8dfd903-875c-5b9b-9cae-b6813dbf234f","Bradley"
"ac4afd26-5260-5694-972b-ef8ec65e7bdc","Jonathan"
"7bb25ebf-cf0a-546c-bc4c-8f05f4069f7b","Keith"
"92a7638f-74c6-5b79-86ab-315e424a5f9b","Peter"
"cbaf07ba-219e-5eae-af1a-d72bb96f459c","Lori Anne"
"fcc269a7-f8ea-56f9-b52a-01a5d351c8dd","Aidan"
"8b9b9046-579d-5578-8861-684ab43e5b05","Gillian"
"a8f883fe-2c0d-5564-92c4-91f4c88d4f52","Adrian"
"79f5e672-f4b6-5178-a452-9a5e47e8a61f","Rifka"
"c07dac3d-2778-5055-81e0-926f3b044f67","Darryl"
"67c0ab21-bb57-5a89-b263-a812f84f0880","SCOTT"
"580267cd-87a8-5ff5-918d-208f750cfd9c","Marcie"
"13db16da-91c2-542b-a358-30b361211d25","Patricia"
"074a386f-7533-5d83-b99c-9080475f41fa","Clarissa"
"ec10a8dc-bc11-5f9e-a10d-4603218eb89e","Judith Anne"
"173c3858-051c-50cb-8ddb-f04b401a857b","Tinyka"
"a2158d2e-4412-5f06-93f9-30f0c8bbe941","Nicholas"
"3cd2a1ea-954d-5a6e-8567-c6ca563832b1","Shareen"
"64b950a2-bfaf-5440-9dd8-a8bc5b5a5acd","Matt"
"63fa6e86-e48e-5bb7-a3ea-74343d07c1df","Edward"
"d8bcfbfb-4b22-559c-9699-232bbf6c1294","Peter"
"519c7e95-9257-5a0f-9eb7-0d6351880871","Jacqueline"
"1b9c386f-5bf9-5a30-adf9-b74b049b7cdf","Liyu"
"37348bc5-dfe0-58d5-938c-d59188d9abfa","Douglas Leighton"
"06bb0a47-b027-5b18-97d1-6024e7a45ee2","Michael"
"a3406b54-1279-5ad1-9bcd-4aafc53ac6ce","Scott"
"c68e18d1-0cb9-5f9d-9bd0-99d9b60769c3","Peter"
"40d93223-68ca-502d-8c29-a486d877e6e9","Cameron"
"77c7a194-0f37-55b4-accd-e1b357a82ad0","Donna"
"17da2f6f-ea96-5176-9cb5-86b89e6dfeb2","Richard"
"8d2ecf7a-b3e7-5de2-954d-f7a0683e3cab","Coral"
"eff34a18-3eeb-5c98-9bd2-e376996bb15b","Sandra"
"12565194-dcf5-5285-9570-9702582a9fb9","JENNIFER"
"8dcd7cbf-077e-58c3-ab86-2edfd9a4fe6c","Emily"
"579751e1-c229-574f-8660-187a9e59247a","Hoda"
"c480bb75-5906-5010-9c93-c78de793ce12","Bruce"
"f5811877-45a8-5d79-99be-c3efea3c6b77","Zia"
"aef77aee-a2f6-529b-a670-5082d86c6099","Shirley"
"44a9b751-8c07-5fbd-bc3d-8d91e21a2901","Monique"
"5a6be3d3-8048-5b08-8b8f-e890e7217406","James"
"71540dbb-099c-5482-bedc-27ad025d55c4","Huda"
"8f4a7786-27eb-5e75-8d20-2fbbaea16050","Robyn"
"d58de37d-898b-50a7-808c-fdc3dd59746c","Sharon"
"ceca2bd3-471b-5d30-932b-afc37050fd22","Helen"
"f1d22840-fdc0-5489-b929-4fa55f2d8fca","Geoffrey"
"9f9057a8-5a31-5e0c-99bc-9610eb56ae65","Matthew"
"24037287-ed99-53f2-8731-b72f4ad21100","Leanne"
"34108866-cf0e-5e5b-8ff6-ed66f754a105","Maria"
"aaae29fe-08ea-5969-9eab-a3985e11ab71","Karen"
"10e22a5b-c187-5cb6-9684-b62d6f83c824","Teri"
"045b3dcb-f7d2-5e77-ab2c-9eef5b0eda25","Ryan"
"2aa6026f-2e3b-5e83-8214-485fdde51a35","Edison"
"61e6a870-f6a9-5e73-a3c4-cdd7d2f0c59b","Henry"
"a0dee878-430c-5ead-a736-a3746cb590a8","ann"
"66f1acad-105e-5e9c-9704-6d228a771ed9","Marlene"
"745cf389-6f71-5f79-b504-78717eb510a2","Monique"
"6b84997d-ab1d-5377-be71-bb66b19884ca","Martin"
"41ce59e7-5146-53be-9218-0eeaa74268cc","Derrick"
"da8de19d-4d96-5c82-9ce2-e2e9466c0f96","Anna"
"cabe240d-b8e6-56be-8f30-ebe7633dd2ea","Robert"
"416d0bfd-dcd4-5234-8b3f-fa56248df910","Bruno"
"dffab648-7541-58d0-b3ec-88c1c0b5877c","Judith"
"f28ef68b-8272-56b3-b4ac-00fa9aa2981d","kewei"
"3e6e488f-3bcf-5829-a18c-1e600dd20cea","Marina"
"a096d730-1f8b-561e-88f4-b985112c83d8","Robert"
"b5f45d78-0632-5d59-bce5-ccbc4d584158","Ffion"
"20133d84-7c81-546f-ab47-8155adbabdef","Jane"
"029c7d8f-1943-5fa7-96f3-861f4444a7f4","Shane"
"10ff5856-6f09-5c78-bb1d-50821a91b4a0","Robert"
"cf908f52-763d-55b6-9802-57320c4cf5d9","stephen"
"f52b3530-11ea-50a3-b4fc-71da74d2f97f","Michael"
"5c178977-fc13-54d9-aa1b-daf527aebe2f","Lynette"
"7b14c25b-ad5c-5e30-87f6-44ffa269dc99","Margaret"
"7c46eee6-a21d-58ef-85f5-047c7f4f045d","robyn"
"d25ee54d-e883-5a5a-aabb-71d2bd8f2a7a","Teena"
"19eff870-8106-56ea-aeb1-c46349cfbf65","Stephen"
"8fa30f33-7aa2-5cf5-9d36-0e5aa6f5e266","Malcolm"
"691a5735-44b5-52ce-8ea0-ae50ec3d27b6","Melanie"
"e4516e7c-5e30-56e1-943d-c48f6f5e6c58","Sophie"
"cbd1923c-87e4-5450-8e96-32062ff8cabc","Navdeep"
"8a2df6ce-f8d5-5b82-b442-367f5a3b5cb7","Jason"
"ba29cb15-a36a-51a2-a7b9-a680bbc2855b","Alexandra"
"dbfa2dcc-5023-5ab1-ab6c-6d3262c40c34","Colin"
"77d357a6-3cfd-5154-bb4b-905266213f05","John"
"08e559b8-2748-5a15-973c-55fd60341f0f","Teresa"
"378a51fe-d0f9-54d1-8b8e-97f51e08193c","Chaouki"
"81948d91-808b-5b27-b4fb-7ed1cf7a33c8","Matthew"
"3d634922-ee68-5edc-a4eb-d891f746a737","Angela"
"53447b2d-778d-5d11-a383-704ce9ef088c","Mitchell"
"5d176faf-94b3-5705-8943-79d397d22167","Joy"
"01dcc70b-4051-5b5f-a877-5fc7d4b6533b","Paul"
"1f99f3e5-2e20-5341-a106-07283936df46","Kerry"
"438747ff-0465-5c68-94d7-1edd52cf11e1","Anthony"
"146ab632-8c8a-5cba-aa1e-aa90c18cea33","Ethan J White"
"60699500-cca7-5bfe-a098-8efefb72fdc4","Annika"
"efb6aa71-c4bb-5fd9-9b33-46e528741c47","Vicki"
"9e8a3399-c5ca-5fad-9da9-b4bfacc86ecc","Ann"
"cf0e7e81-ff42-5037-8141-e2e3f3c0f1a4","Carolyn"
"cc6d325e-61cb-5fb3-a628-e4205015e2da","Michael"
"c8c178fd-db9b-57a6-97f3-d6e6700b353c","Kent"
"95499c07-7733-59d8-9d02-d341a808d9ff","Brendan"
"d5269c00-c620-58f1-9359-ba567e4588c9","Ray"
"0afd2188-5b64-5658-a7c7-4a4948d383fc","Marc"
"17ad40ce-58df-5f58-b82d-8a9c0caaf590","Kym"
"a655dc9a-6d2d-523a-89eb-a431d75a408a","Rhiannon"
"35f91726-3f6b-5fa2-8add-5300fd4ca628","Michael"
"7a463dbd-07eb-5174-ab47-7dd184b95efb","Amanda"
"81b39c37-ebf3-5819-8e6c-99bc47bfb8fe","Sayeed"
"086af14f-e252-5945-be2e-79f5e4f67a02","Russell"
"84712672-755e-5588-a85f-50e986578545","Melanie"
"60e61fe9-cb0c-5f43-9033-a8c2f135557b","Margaret"
"3940991e-94ec-53bc-8361-4990a94076db","Charlotte"
"cd63b826-4d28-5faf-9635-8d51697193c5","Rebecca"
"12dd5b51-e567-5435-b594-60c3d195d46b","Paula"
"61059d78-6486-50a1-8769-43ada6b014f4","Gregory"
"77bc15b2-a44a-53b7-868f-35eec9ca20ec","Kevin"
"bdee04b7-64ac-5c71-ac39-c613f477e8c0","Laura"
"938c929c-9268-5717-9441-787906f7b1ee","Jenny"
"17e89125-0811-5283-baab-8cf7612702cc","Sarah"
"61b60756-7f61-5568-a734-67f54bdd9c07","Kristine"
"ec613575-f21f-56d4-89ea-2a55ab1d8f10","Joanne"
"f1b728cb-bb85-5897-b1ab-4a472aa6c94b","Candy"
"d09d6e16-88bc-5891-a8dd-8f291392bf7a","Natalie"
"1569446b-8df1-50bc-b03a-ce7a7026921d","Priscilla"
"b205ac6b-fb56-5848-98a4-c615bf3ba19d","Heather"
"a237f1c8-09cd-55b6-9595-6f2d61d7ce5e","Megan"
"3e1a1865-4e65-5653-a893-fcd31ed3d91d","Monica"
"cb014fcc-b64e-5ca7-b7e4-d10a5e89821b","Joanne"
"38966b19-9758-5535-9063-3b0520022338","Jane"
"779c7efb-f7f0-5112-bcd2-c237b406d15d","Lynne"
"7d9d9e1e-f346-5e76-8270-c9c275556c6d","Katalin"
"633e1f94-b769-5d34-8e60-649cf5457ff4","Doris"
"881aa76a-d8ce-518e-98a6-a00e6a2f8a46","Sue"
"71e0a377-0272-547d-93ac-e98ff5b2c01a","Roslyn"
"cb194672-fb0e-5a9c-8cac-f37ec1a3ae2d","Jordy"
"755423ce-893d-525a-8699-d4b4556e6ef3","Cassady Juliet"
"e5b7b51d-695f-5c62-aa51-683292618e3e","Frayne"
"e744e83b-30f1-5415-844c-ddea4da09aa4","Mariko"
"7987d0b1-dbb0-5873-94a3-e331e7c79153","Kathryn"
"1b6ef528-782b-537f-a4f6-7d8496cd73aa","Edwin"
"a0977bd7-6ff5-5621-b01d-cb1ece45b33e","Suren"
"2096ae72-2fcb-5837-ac56-94dd5b536888","Susan"
"9a51627e-89d3-5ef1-8ee7-4ead3a082f75","Anton"
"ff9b4c71-b3e2-54a1-b837-3aa16ba06b24","Bront"
"cbb8ddec-42b7-5f76-834f-b6e278755c5b","Sharon"
"67dd023e-490c-5b83-862d-07dd330c58fa","Felicity"
"b8f13817-b576-5783-85f7-c3336c2de9e5","Anne"
"387bbe0f-3119-5bb4-82c2-f0fbb034f53f","Dhivyaa"
"2c5e53d0-182b-5225-ac9c-4bd3fa7ac0c1","James"
"9fd76340-1a4f-5447-b246-835d5f88ba4d","Kapil"
"b4f74224-6338-53be-919b-b56736a285e8","LUCY"
"eea9b95e-2feb-53f0-9b78-f142735d9fa0","Heather"
"2deb0557-bd46-5ac6-b32e-3443a95821a0","Ann"
"097f23b6-6015-53eb-a2e1-0fd0895226e6","David"
"c95cd1c2-cb40-5646-a62f-8892da85809d","Iain"
"ba83f864-6600-552e-ad40-2e5f0a744b3b","Bernadine"
"4bb2f77c-7cf3-5922-890a-a90096838528","Terence"
"0bdc6e68-73eb-5c50-aa59-03074dfed01b","Rebecca"
"fe333f4c-11a2-5cd4-97f1-6694ba2308d6","SHANE"
"f145dda8-62ca-5976-b208-530a3019ca84","Carolyn"
"483983be-f756-50ee-aa59-fe0acf3ef076","Keith James"
"94575ece-077e-5d46-8f87-54f31896b478","Anthony"
